-- phpMyAdmin SQL Dump
-- version 4.8.3
-- https://www.phpmyadmin.net/
--
-- Host: 127.0.0.1
-- Generation Time: Apr 05, 2019 at 01:07 PM
-- Server version: 10.1.36-MariaDB
-- PHP Version: 7.2.11

SET SQL_MODE = "NO_AUTO_VALUE_ON_ZERO";
SET AUTOCOMMIT = 0;
START TRANSACTION;
SET time_zone = "+00:00";


/*!40101 SET @OLD_CHARACTER_SET_CLIENT=@@CHARACTER_SET_CLIENT */;
/*!40101 SET @OLD_CHARACTER_SET_RESULTS=@@CHARACTER_SET_RESULTS */;
/*!40101 SET @OLD_COLLATION_CONNECTION=@@COLLATION_CONNECTION */;
/*!40101 SET NAMES utf8mb4 */;

--
-- Database: `brassdata`
--

-- --------------------------------------------------------

--
-- Table structure for table `tbl_bill_master`
--

CREATE TABLE `tbl_bill_master` (
  `Bill_ID` int(11) NOT NULL,
  `Bill_Date` varchar(255) NOT NULL,
  `Cust_ID` int(11) NOT NULL,
  `Item_Quantity` varchar(255) NOT NULL,
  `Bill_Amount` varchar(255) NOT NULL,
  `Bill_Tax` varchar(255) NOT NULL,
  `Bill_Discount` varchar(255) NOT NULL,
  `Bill_Payable` varchar(255) NOT NULL,
  `Bill_IsAct` varchar(255) NOT NULL
) ENGINE=InnoDB DEFAULT CHARSET=latin1;

--
-- Dumping data for table `tbl_bill_master`
--

INSERT INTO `tbl_bill_master` (`Bill_ID`, `Bill_Date`, `Cust_ID`, `Item_Quantity`, `Bill_Amount`, `Bill_Tax`, `Bill_Discount`, `Bill_Payable`, `Bill_IsAct`) VALUES
(20, '08/03/2019', 2, '2', '500.0', '90.0', '25.0', '565.0', 'true'),
(21, '08/03/2019', 1, '7', '1950.0', '351.0', '97.5', '2203.5', 'true'),
(22, '10/03/2019', 2, '2', '500.0', '90.0', '25.0', '565.0', 'true'),
(23, '13/03/2019', 1, '2', '550.0', '99.0', '27.5', '621.5', 'true'),
(24, '13/03/2019', 3, '1', '300.0', '54.0', '15.0', '339.0', 'true');

-- --------------------------------------------------------

--
-- Table structure for table `tbl_cart`
--

CREATE TABLE `tbl_cart` (
  `CartItem_ID` int(11) NOT NULL,
  `Cust_ID` int(11) NOT NULL,
  `Item_ID` int(11) NOT NULL,
  `Item_Quantity` varchar(255) NOT NULL
) ENGINE=InnoDB DEFAULT CHARSET=latin1;

--
-- Dumping data for table `tbl_cart`
--

INSERT INTO `tbl_cart` (`CartItem_ID`, `Cust_ID`, `Item_ID`, `Item_Quantity`) VALUES
(2, 1, 10, '100');

-- --------------------------------------------------------

--
-- Table structure for table `tbl_customer`
--

CREATE TABLE `tbl_customer` (
  `Cust_ID` int(11) NOT NULL,
  `Cust_Name` varchar(255) NOT NULL,
  `Cust_Password` varchar(255) NOT NULL,
  `Cust_Con_No` varchar(255) NOT NULL,
  `Cust_City` varchar(255) NOT NULL,
  `Cust_Pincode` varchar(255) NOT NULL,
  `Cust_Address` varchar(255) NOT NULL,
  `Cust_Email_ID` varchar(255) NOT NULL,
  `Cust_IsAct` varchar(255) NOT NULL
) ENGINE=InnoDB DEFAULT CHARSET=latin1;

--
-- Dumping data for table `tbl_customer`
--

INSERT INTO `tbl_customer` (`Cust_ID`, `Cust_Name`, `Cust_Password`, `Cust_Con_No`, `Cust_City`, `Cust_Pincode`, `Cust_Address`, `Cust_Email_ID`, `Cust_IsAct`) VALUES
(1, 'khushalvadher', 'khushalVadher2303', '1234567890', 'Jamnagar', '654321', 'jamnagar', 'khushal@gmial.com', 'true'),
(2, 'dhaval', 'dhavalRaval2303', '9876543210', 'Rajkot', '654321', 'rajkot', 'dhaval@gmail.com', 'true'),
(3, 'Ram', 'Khushal2303', '5649871230', 'Jamnagar', '654321', 'Anand', 'ram@gmail.com', 'true'),
(4, 'MAYUR', 'Mayur2303', '6543219870', 'null', 'null', 'Null', 'ram@gmail.com', 'true');

-- --------------------------------------------------------

--
-- Table structure for table `tbl_designation`
--

CREATE TABLE `tbl_designation` (
  `Des_ID` int(11) NOT NULL,
  `Des_Name` varchar(255) NOT NULL,
  `Des_IsAct` varchar(255) NOT NULL
) ENGINE=InnoDB DEFAULT CHARSET=latin1;

--
-- Dumping data for table `tbl_designation`
--

INSERT INTO `tbl_designation` (`Des_ID`, `Des_Name`, `Des_IsAct`) VALUES
(2, 'MANAGER', 'true');

-- --------------------------------------------------------

--
-- Table structure for table `tbl_emp_detail`
--

CREATE TABLE `tbl_emp_detail` (
  `Emp_ID` int(11) NOT NULL,
  `Emp_Name` varchar(255) NOT NULL,
  `Emp_Gender` varchar(255) NOT NULL,
  `Emp_Bth_Date` varchar(255) NOT NULL,
  `Emp_Address` varchar(255) NOT NULL,
  `Emp_Con_No` varchar(255) NOT NULL,
  `Emp_Email_ID` varchar(255) NOT NULL,
  `Emp_IsAct` varchar(255) NOT NULL
) ENGINE=InnoDB DEFAULT CHARSET=latin1;

--
-- Dumping data for table `tbl_emp_detail`
--

INSERT INTO `tbl_emp_detail` (`Emp_ID`, `Emp_Name`, `Emp_Gender`, `Emp_Bth_Date`, `Emp_Address`, `Emp_Con_No`, `Emp_Email_ID`, `Emp_IsAct`) VALUES
(2, 'KHUSHAL', 'MALE', '2019-03-23', 'JAMNAGAR', '7600942539', 'khushal23.vadher@gmail.com', 'true');

-- --------------------------------------------------------

--
-- Table structure for table `tbl_emp_join`
--

CREATE TABLE `tbl_emp_join` (
  `EJ_ID` int(11) NOT NULL,
  `Emp_ID` int(11) NOT NULL,
  `Des_ID` int(11) NOT NULL,
  `EJ_JoinDate` varchar(255) NOT NULL,
  `EJ_LeavDate` varchar(255) NOT NULL,
  `EJ_IsAct` varchar(255) NOT NULL
) ENGINE=InnoDB DEFAULT CHARSET=latin1;

--
-- Dumping data for table `tbl_emp_join`
--

INSERT INTO `tbl_emp_join` (`EJ_ID`, `Emp_ID`, `Des_ID`, `EJ_JoinDate`, `EJ_LeavDate`, `EJ_IsAct`) VALUES
(1, 2, 2, '2019-03-27', '2019-03-31', 'true');

-- --------------------------------------------------------

--
-- Table structure for table `tbl_feedback`
--

CREATE TABLE `tbl_feedback` (
  `FB_ID` int(11) NOT NULL,
  `Cust_ID` int(11) NOT NULL,
  `FB_Email` varchar(255) NOT NULL,
  `FB_City` varchar(255) NOT NULL,
  `FB_Pin` varchar(255) NOT NULL,
  `FB_Desc` varchar(255) NOT NULL,
  `FB_IsAct` varchar(255) NOT NULL
) ENGINE=InnoDB DEFAULT CHARSET=latin1;

-- --------------------------------------------------------

--
-- Table structure for table `tbl_image`
--

CREATE TABLE `tbl_image` (
  `Img_ID` int(11) NOT NULL,
  `IT_ID` int(11) NOT NULL,
  `Img_Data` blob NOT NULL,
  `Img_IsAct` varchar(255) NOT NULL
) ENGINE=InnoDB DEFAULT CHARSET=latin1;

--
-- Dumping data for table `tbl_image`
--

INSERT INTO `tbl_image` (`Img_ID`, `IT_ID`, `Img_Data`, `Img_IsAct`) VALUES
(5, 2, 0xffd8ffe000104a46494600010101006000600000ffdb0043000201010201010202020202020202030503030303030604040305070607070706070708090b0908080a0807070a0d0a0a0b0c0c0c0c07090e0f0d0c0e0b0c0c0cffdb004301020202030303060303060c0807080c0c0c0c0c0c0c0c0c0c0c0c0c0c0c0c0c0c0c0c0c0c0c0c0c0c0c0c0c0c0c0c0c0c0c0c0c0c0c0c0c0c0c0c0c0c0c0c0c0cffc0001108010b01f303012200021101031101ffc4001f0000010501010101010100000000000000000102030405060708090a0bffc400b5100002010303020403050504040000017d01020300041105122131410613516107227114328191a1082342b1c11552d1f02433627282090a161718191a25262728292a3435363738393a434445464748494a535455565758595a636465666768696a737475767778797a838485868788898a92939495969798999aa2a3a4a5a6a7a8a9aab2b3b4b5b6b7b8b9bac2c3c4c5c6c7c8c9cad2d3d4d5d6d7d8d9dae1e2e3e4e5e6e7e8e9eaf1f2f3f4f5f6f7f8f9faffc4001f0100030101010101010101010000000000000102030405060708090a0bffc400b51100020102040403040705040400010277000102031104052131061241510761711322328108144291a1b1c109233352f0156272d10a162434e125f11718191a262728292a35363738393a434445464748494a535455565758595a636465666768696a737475767778797a82838485868788898a92939495969798999aa2a3a4a5a6a7a8a9aab2b3b4b5b6b7b8b9bac2c3c4c5c6c7c8c9cad2d3d4d5d6d7d8d9dae2e3e4e5e6e7e8e9eaf2f3f4f5f6f7f8f9faffda000c03010002110311003f00fdfca28a2800a28a2800a28a2800a28a2800a28a2800a28a2800a28a2800a28a2800a28a2800a28a2800a28a2800a28a2800a28a2800a28a2800a28a2800a28cd06800a2909c1a45e2801d4514500145145001451450014514500145145001451450014514500145145001451450014514500145145001451450014514500145145001451450014514500145145001451462800a290f02b9cf157c5ff0cf8264f2f54d734fb59871e499434bff007c2e5bf4acea558535cd3692f32e14e537682bbf23a4a2bc8f5bfdb23c33a7122d2cf5ad431de3b5f2d4ff00df654fe954fe1c7ed7c3e237c4dd3fc3b1786eeecd6fd64717335ca9d8a885b2500efc0ebdebcd8e7b80751518d54e4f4b277fc8eefec9c5a83a8e0d25df43da28a2835eb1e70515e597dfb61f82747f15ea1a3ea1757ba7cfa74ef6f24b35ab185994e090cb9e38ea715dcf84fe21e87e3bb51368dab69fa9478c9fb3ceb2151ee01c8fc6b96963b0f564e34e69b5d1347454c2d6a6b9a71697a1b54526ec0a315d4738b45145001451450014514500145145001451450014514500145141e68002702b3fc41e29d3bc2b67f68d46ee1b58fb176e58fa01d49f61cd7907ed15fb55c7f0cfe2968fe05b29aded759d66c9af56e265dc00de512341d3cc6dae7e6e0043c1cf1e66975ab788b5b6bcbebc9aea467e5a4cb391dc0f41ec302be2f8838c68e5f37429479e6bee5ea7bf97643571115566f962fef67b3dc7ed496635f5860d22fa6d381024badc15947f7847c92075c120e3b76af4cd2b54b7d6f4e86eed278ee6dae143c72c672ae0fa1af9a6dfc39797334924476a6783b738fc3af35d57c38f1a5c7c34b9656f3ae749ba933340ab96b563d5d07bf565fc4739cf8590f1c55ab88f658fb72c9e8d74f2f43b730c8611a7cd86dd6ebb9ee94543677916a36915c4122cb0cca1d1d4e4303c822a6afd414935747c9eda30a28a2980514514005145140051451400514514005141a2800a28a3ad001452138a378f514ae805a29bb837e74b9c8a770168a4c1f5a53d2800a281d28a0028a28a0028a28a0028a28a0028a28a0028a406b23c6fe39d2fe1c786ee356d62ea3b4b3b65cb3b7563d95475663d80e4d4ca4a2b9a5b22a31727cb1dcd67708859b0a179249e95e4bf107f6b9d1341bb92c3418ffe122d4118a3342f8b68587667fe223d141fa8af12f8affb45ebbf1bae1e1b769b45f0cf2a6d43626b81eb2b0ebfee0e077cd627857818b1812355e0c87ee8edc9f5f615f9ee71c68a3274703aff007bfc97ea7d765fc35a7b4c57ddfe6ceb3c53f12fc51f106e5a3d635c96d2da4cafd8b4f0608be8483b9bfe04d58d6be17d3b473be1b748db392cdc96fafad69c2120505f6b4c4fafcab514f7f1e32cd1a36ec02dc935f018cc6e23112e7ad3727e67d5e1f0f4a92e5a6925e454d52fbecb06e546e7a6d0067dabce758f8bdadfc3af8a3a3b687746ceee74f21d9551cc68ce0b677023a276af4f5d2753bce61d3576b636c93ae14f1d7e6fc3b57cf3f148c96ff1d4abdd44ed6d687688d4ed438c7a0eedd4579d4ea548d452a6da92d99df4e9c2a2719a4d58f7dbbfdaafc68f3b98f5e654ca0502de2ef93fddfa55cd23f6aaf1b470ee6d6229b6a96d92dac67d7a9007b5784f87f5492e8b2b2f0d331054f64013f9835d16913dbe9b2f9b7522ac10edddc8da30467fc2bdd8e6d982f7bdacbef67154caf09b7b38fdc8ed2f34e93c4226b8ba48e4b9ba91a69b2990cec493fad61cde076d2ef96face592c6ea3208b882465914ff00b241047e75bda378cac75140d0cb0cca79daafcaf35ab0dec774b22b46bb81fa023b579119c9cb9d49f36f73695d2e5b6859f007ed6fe36f87732c3abc71f8974a5382d2b7977483da4c609ff787e35f497c29f8e3e1ff008c16264d26eb6dd44bba7b29c6cb883eabdc7fb4323debe4fbcb66b8936c6c15581251177023deb9fbfd32fb4ad561d5347ba9b4fd52c1b7abc4e55d4fa83e9edd0f7afaaca38c317856a188fde43f15f3ff0033c0cc320c3e2173525cb2f2dbe68fd00a2bc4ff0065ff00dab61f8b23fb0b5cf2acfc4d6ea4ae06d8f5145eae83b30fe25fc471d3db2bf5ac1e368e2a8aaf41de2cf83c5616a61ea3a55559a0a28a2ba8e70a28a2800a28a2800a293a52d0014138ae37e29fc6fd1be1544b15d48d77a94c330d8c04195c7f79bb22ff00b47f0c9e2bc0bc69f183c45f12e6923bcba6b2b163f2d95a12898ff6db867fc78f6af1733cfb0b82569bbcbb2dcf530394d7c56b1d23dd9eff00e29f8e9e1bf0a48f1497c2f2e63e1a0b31e7383e871f2afe24571da8fed2fa85f395d33448e153f764bd98963ff004ff00e2abc834cb444b4d8a8aa41e140e38aded293f79bda4dbb97040e1715f0b8be32c65576a3682fbdfe27d350e1dc3415ea5e4fee3e2bff828d7c4ad4fc5bfb475d5d5e4d147a8697676d6f1c96ca6354500c808e49c8690f39ec2bd9bf621fdacadbe2a4d0f87bc4d346be2255c5a5c37ddd480ea09ed28f4fe21d39cd7c7dfb59f8f3fe128f8f7e30d4159a6845fcb6c81483f2c67603efc2fe95ce7809bedf750c31cd346ccea55958a32648e55810411ec41fa57e235b886a4f309d5a8f9b9a5afe47e9bfd8b0fa8c29c572d969e47ebc7887c5563e0fb6ff48985bbb9c24654bc92fd17afe2703deb8bf14fc50bb9e568ecede3b324f324aa249987aaaf453f99f7ae2fc308f6de1ab3b7f3aeae2758d5249e762f2cac0007733124fe35a1f65db7c7cd625ba203c93fe7fa57a38bcda4fdda7a2fc4f99a3818c5de5ab3d43e09fc79b8f07f82e3d3ef2c64d4adeca69904e97199b05cb60ab0c123763af415eade18f8e3e1bf14ca90c77eb677521c082ec792e4fa0cf07f026be71f041dd6ba840bf2f977630a4609cc68738f53cd69dfd8c1709892356da3e5246457eab91f1862a186a6aaa52565ebf79f398fe1fc3d4a9271f759f5429c8a5af98bc37f13fc41f0ddd7ec171f6ab2538365752178f1e887ef27e1c7b1af6bf861f1bb49f89b198632d63aa4633258ce479831d4a9e8ebee3f102bf42cb73ec3633dd8bb4bb33e571d94d7c37bcf58f74765451457b4796145145001451450014527534a6800accf1578cb4af03e96d7babea16ba7daaff1cd2050c7d07727d864d7917c75fdaea1f095d5c68be148e1d5b5a8898ae2e5be6b6b16ee38ff005920fee8381dcf18af119edaff00c73aa7f6a6bd7f75aa5e673be63f2a7520228f95471d00af93ce38b30d836e9d3f7e7e5b2f567bd97e4356baf6953dd8fe2cf71f107ed9d632cad0f87747bcd53b0b9b93f6687ea0105c8fa815c96aff001d3c71afb337f6ad9e951907f75676ca48ff00813ee3f957356da36c50a88cbc750303bff855b4b58c615994b2b1e738efc57c3e2b89f30aefe3e55d969ff04fa4a393e1296d1bbf3d482ebc41aeea8edf68f116bb705867fe3f1d547d02918aade45d162cf75a93f4e5aee439fd6b623b68d6365c8008eaabd0d3a5b78d7e7f31b6ae7923815e5cb19899fc5524fe6cec8d1a6b48c57dc6099350b239b7d5756b7e3ac7a84aa47eb8abda7fc4df18f87887b7f146aecbd02dc94b953f5dea4d47771aaee96190287e76e3f335527d4edc823072a3240eac29471d8b83bd3ab25f3654b0f467a4a09fc8ebf49fdb0bc55e1e655d4b4dd3b5c8c100f924dace7df9dca7d7a0af45f067ed83e0ff00134d1dbdf5c4de1fbb93a26a0a238cfd2504a7e641f6af9f2edadc80de618d57fbc381fe78ae77c4361ba17654de1549f9beeb7f80af6b07c5f9850fe23535e7bfde8e0af90e0eaaf7572bf2ff0023ef6b5ba8ef60596191258e40195d1832b03d0822a4ce6be07f00fc54f11fc1ab8dda06a52436e1b749633832d9cddcfc84e57a75420d7d39f02bf6bdd03e2f5d2697798d13c45d059ccff25d1f585f80dfee9c30f43d6beef29e27c263ad0f867d9fe8fa9f359864388c32e75ef47bafd51eb94519a3a1afa43c30a28a2800a28a2800a28a28028f893c4767e11d06ef53d46e23b5b1b189a69a57385451c93ffd6ef5f0afc5ef8d1a97ed09e3a37d71e6db68366c574fb263c22f4f31c7791875f41c0ee4fa27fc1407e3436a3e23b4f01d9333dbdbc697daaec3f79cf30c47d860b91fee5786c707da1e18611f33613ef722bf2de34cfa52a9f50a0ec97c5e7e47df70ce5318d3fadd55abdbc9773a7d0f4e4be8d9646716f191f2af1cfa0ae960b85b281638d563551800761fe7bd63e8c174db65c957319db18cf7ae67e2278f5742c411c9bae2ebd1bf323dbb57e7fcca0b98fa8517525ca8ed9bc471df6a2b650c8a6463f331e8bfe27dabdd3e10fc2ed2fecd1dd3c0b2cc30fe6ce37499f6ecbf857c717df16343f833e159bc47ae5e2dbdada8cf7790bf6445fe263e82be46f8e5ff000548f8affb4aea775e1ef0a5e5d781fc1ed8411d8c87fb52f97383be418201f452abd896eb5c71cc69d293a95f54ba1e84b86f158e87b2c33e55d64f63f557e38fed8ff057f65fd46e2cfc61e38d0f4cd4d72ff62127da6f3d46638c330fc40af89ac3f695f06fed37f17bc53e2cf0aa5ec9a0c32a5844d790b43233001ddb6924aa9ea338e0f41d2be61f87ff00b21c9aa3497fa95bc1f6a9cf9a27bf90c970f919c9041f9bdc8fc7bd47f10fc33ac7c288e6b1d2f52f10e9f6f78de6ceba7411c292b6dda18bb9ebb401d05796f8b28d4abcaa2a2bd4f6307c1f470d16a355ce6f46dedf25ff0004fb67c390d9c9636ee9c178c36cdc4ed2c4b1cfe74ff88de32d0fc07f0ceff56d7350b3d2f4d8e44496e6772b1c419c28dc48e012c064fafe35f15fc3a9fc4d7b756b1af883c71149247b91e5d4e32251d0f4c73d7d3dab17f6a8f1d78f34ff000b6a1e13bcf126a5a8e83aca085e1bbb28ae372865718907cc0e40e48aecc3f14616a4fd8df566dfeabd5735efadff0003f47bc19e11d1bc5bf0e22d5b47d42c6fa3ba42d6f736970b2c6c7d43a9238fad63e8df137fe119d75349d65b99184715cf4527d1bfc7a57e507c0ff1e78e3f6549e6d57c29ab5c592a8325c592ca5ed2f57bef80fcbcff00780047ad7d53e03fdb274ffdad3c26b0dbc3f60d79309796a5c9f27fda46ea54f5e79078a71c445be7a2ee96e463b87ea51bddf347bf547e846977e8f12850a55ce06dedec699af695f6bb4c8fdd483a38eab5e53fb277c4e9bc5de1fb8d2f5099e5bed2d844cce72ce98f9189f5e307dc57b3c3134f6cdb8e48f9197e9fe35ead1ab1a90ba3e42bd29529d99e57e27f0ddde91a8dbead63712dade59c82649e2e1a2901cab03edfcabed2fd9abe34c7f1bbe1b437f27969aad9b7d9751897a24ca39651fdd61861f5c76af96bc4fa5fcb2467748ac846dec7eb5a1fb15f8d64f017c768f4b918ad9f89227b47527004d182f11c7ae37aff00c0857d5706e6d2c2e3561a4fdd9e9e8cf1388302b11857557c50d7e47daf451457ecc7e70145145001451450015e57fb407ed089f0ddd744d25a1b8f125e446501c6e8ec62e9e6bfa93fc2bdcf2781cf5df177e23dbfc29f01df6b132f9b2420476f0e799e66e113f3e4fa004f6af9145dddf88af2e6f75098cd797b219eea5638f31cfa0eca380076000af9be22ce3ea74b929fc72dbc8f7325cb3eb33f6953e15f88ef29efb559ef279ee2fae6e8f992cd29dd24ac7b93fe71f4ad40a02aed5c1e1be869b0da04877053f28fd2aabde811bb332471460bbbb1c0551c939f6afc96b73ca4ea54776cfbe8c62972c4d05d41449b517cc66e7e950e95e37d3af3c4b65a3adfdab5dddcbe598c3e7800939c7d3040af997e2cfed736fe27bbbab1d1ef3fb37c3b6db966d403627d4d81c1110ea23ebc9c67e95bde34b3d63e047ecf9e19f1d2dbb5b93acdb5d25943b4b8b6f9d9cb1c66495a3dc42938e303ad786b32e79c953578c7767a92cb654e11751fbd2d91e4ff00b467ec55aefc30bfbed4239ceac2495ae6ea445dacace4b170bdd0927a5792f82bcdb7f1ac767b59645963d9bff8b247f5fe55fa6ba5f88340f8dde0fb2d434dd42deead6f2212daccac182961928dfec9e841e41fc6be33fda33e099f027c5ed3e6d3ed8c3f6abf8d6689f910485c1e3d148e9d8f6afcdf30c0d4c2e23daad62dfdc7d365f997b6a4e8d5f8923ea9f0abc971a6432336df9012cbdbe5edf5ad682ca721658d649989c6ec703e98e98cd6c7c25f87337886d619ae9e386d41da5c8c67b6057b7e8df0df4bd3ac5552dd1f675924e87debd2c060abe2fde5a23e3f31cda86125c8f57e47cc9278c3fe110d6255bc93ecaf7f7291c61db19608dc13d06429e3d4574d65e265645dc0f4e1482dbbf1ec699f10f40f0ffed3bf1035ed0749b4b7bab7f0bda663be8db0b3df6f1b9720f2b1a90b9fef391ce0d7cc579f1af50f80be257b3d4269af747b295a1987fcb6b3c75e3db9fa8afb9c1e22585a10855f87652151a2b177942ea7bb8becf63ead1fe983e5568e5ce7e619047bfad675ce8b35b5d2dc092482ea361245342c56485c77523a562fc3af89f67e33d06d750b3ba86eeceed16489d4f1b4ff0023ec7a5751a86a3ba00ca5195ba91dbf1af729d56a5cf1dfba39670b7bb23d77e01fed0abe36b9ff00847f5a658b5c854f952f0a9a820ea47a381c95fc471903d6474af86bc50d245a84577672c96b750b8923993868a45390c0fd6beadfd9ff00e2ca7c5ef87f0df49e5a6a568df66bf897f825007cc07f7586187d71dabf51e1bcf1e2e1ec6afc71ebdd1f119e654b0efdb52f85fe0cee28a28afaa3e7428a2834000af9dbf6bffda22ef4dbd6f05f866ebc9d42440dab5ec4df358c4c38894f691c724ff0ae3b9047b07c69f8970fc21f85fac7886750ff00d9f0130c64ff00ae99884893fe04eca3f1af883c336f797d7525d5fccd737979235d5edc37de9e673963edcf6fa0ed5f1bc5d9d4b0b4561e8bf7e7d7b23e8b87f2d55ea3ad517bb1fc59b1e12d0a0d3e38e35455840c92073f5aeb12fe1b5955154bc4bf336474ff003c7e66b26de28e08d7e6e4e7f0fad3ee6e23b787cc91e348a11bce4fa77fa0afc9e31e5bb7f79f6f27ccec6f5cead1c768fe648b1c7b402c4939c0f5edde8f0cc4de2553341ff1ee87fd732e54f201c0e335e3dff0b01bc55adacd2381a42b7ee211f289b1ff002d1fbedf41de93e297edf7e16fd9bb4c58efda6d4b56c1fb3e95610f9b7127b6d07118ce3935cffda10e6d763aa396d69fbb4d5e4cfa4751f8630c5a67990dedccd24c3a7f0afa91d8f1ec7b564de7c21d02e678eeefad6eaf2585570d2cdb31f508077f5eb5f01fc48ff82aa7c64f8c56f25af866cfc39f0f6c19c22497adf6bbc008fe2e76e7db1c1c64d791f8bfc4bf14bc6573249ad7c6df12798d9216cf65bc7903a06c83b47a73fa537c418183b2d4eba3c278f92fdecd47f3fc0fbfbc6fe18b1b8d6e6874bbfd52de4dfbf10dd800f3d7b7ff005f9adcd23e1dde69da334d0f88b50b865406486ead84e09cf277019ed8f6eb5f91f70ff143c31ac79da4fc66d4279b7642cce41c8ec79208e9c1e2bd73e197fc1483e3cfc14b848fc470691e3cd1e38b74d2c3886e82e0640917e5ddecc3af7aba79960e7f6b57ea8ebabc338c8c7f77252fcff147dd5af788ef7c35aa793a8dab6d93256e2dc7990b8ec594723ea29d0f8aa39ed164826496dd8f1d7691fcff000af21fd92ffe0a0be05fda9bc4274f86ea4f0d78a1071a3ea8de44cfdbe42c76c98ff649aec7e255baf863539e7d1c7d9f524632caacc0c57d81feac8c601e878c62955aae9357d8f3a5839c65ecea45c59d8dd5c45a8c21a35e572767723dab90f15e83e626e877ac9130605090508e4107aee07a11deab7847c79078e7429aead4359df5bb6cbab566dd242deff5ec4706b5a2d523bad2bcc917e68f897b7e3ffd6ae88cf6947e5633e471d19ee3fb24fedcf25d6b569e0df1e4fe55ddc38834bd5666c7da9ba2c531e9e61e81bf8b183ce0b7d642bf2dbc5da3437cb25acc77b328f9b1cae78047d0f7f715f5efec07fb4ecdf14bc3b73e0ff105d34de28f0d46bb6590fcfa85a74590fabaf0ae7be54ff11afd4785f881e217d5710fdf5b3eff00f04f87e20c9552ff0069a0b4eabb799f46d140e0515f6c7c9851451400532e275b681e463b56352cc4f6029f581f15ae64b3f85fe239a1cf9b1e9972e98fef08988a9a92e58b9762a9c79a4a27e6e5f78ca4f88bf1035cf135c1dcdaedf4d76a4e788f715897f040a3e95bbe0f2bfda334b2af11aedce09009ff00f55705f0f194f82b4d68c2c81ad508c1e7a66bb0f07dc308e56c30c3a9db9ec38afe6fc556757113a92ddc9fe67ed50a6a14a308f4491d46af7d0c5246eb1b6eb588be403904f1dbf1af05f15f8e7edff14b526ba76f22c111158f638c9fd4fe95ea7e209649b549970eab241953d8104e73f98af98fe346af3f86f5af14aac3b9997cd0e000c8193008ff001ae1c5c9f2b6ba1dd81a49cf95f53ce3f69bf8a1278abc4b6324d7023b38d48b2527708d49c799b7bc8e7851e82bd03f623fd9962f12f8ba1bafb444bd1e44470ccd9fefb7af3d0715e2b37c3ab8f1df8ab4dd52faebc9b685560b55c7181805bea718cf61f5afbb7f61ff008296fe15d712eda626155032d9dcca472463f99fcabf31c556ab5daa74e57949fbddbd0fd1b15529613096869647d0ba57eccde1fd39ede79373f96393b70b93d81f5e3a0feb5c57ed2bfb3f6877896f3dbf865b519b00eff28b631d3af15ee3f0dfe1af867e1c6a97be27b8bebf9ae3cb746bad52f0b25ac058314018f96aa0a8e700f1c9af02fdaf7fe0af9f027e1eb369b078dad75cd4a1ca3c3a25bc97fe591d8bc6a53ff1eafa0c270ad2a94ef2dfcb5fc7fe01f96e1b3ac74f18a34b9a696eed65f722cfc1ef85d1a69503b78365b79012b9fb3c4db40ed906be61fdbf3c08fa6f8f5a6ff8432e2d74bb028a93c76a556407ab0dbd0678aec3c07ff05d1f843a62fd96fec7c790c3bffe3ebfb0dda320fd0eefd2bd034efdb67e0dfed45751cde0ff001c69b3eb5b3074cbddf657c3d962902b93d3eee6ba65c1f4e31bc5b4ff00af23e828e658da388f6952175f33c5f59fd8db4cf157c128ef9628daea6856445f2f2f6ed8fba1ba9f4e78af855fc27a97ece1f18a4d4a18e6b3bcb19834f1a8c47770138718ec76f3e9c022bf6c7e1f68f69e2df87735adc46b0de2a9cccaa033139396e818fa920135f027edd3f02fecde2f996e2dd44821668a54e5641edededdb3e9d7829d3c46592b5f9a12dcf6b2bcdd62672a554f4ffd8f7c46b3fc59678f986f34d3212a76ee20a3027f3afaf2ceed679274caee3b4f1ce38eff00a57c8bfb047812ea0d1a6d4a446cc167159213cfcd80ce01fa051f8d7d6ba35ac9140cefb72c7d3ef6062bebb032b42fdcf8dcdd45d76a3d08b5b42c59b6a6de33c75e2bceedb53fec1f8c5e1bba8a55f3adf5db37541c7066553f860915e85adc8c77a64a8c6335e7d1f87d6e3c63a4de7cdbe4d56dc038e4047127f2535eee5957fdae16ee8f1eac7f752bf63f43c1e052f7aa3e1cd51759d12dae54e7cd404fd6af57f43c65749a3f23945c64e2c28a28aa2428a286385f4a00f9abf6b0b2bef8b1f1a745f0edb6af79a7e95e1bb43a85f476eaa45d4f312b12b920e36468e703fe7a8f4aceb4f8036e5598eb1ab2b371c188e3f0d99af48d03c0fa6f89bc51a96b924772971abddfda05c2b72c8aa23418c118da8bc74e7d6bb093e1e5b4d17cb7570b8e84a838fd2bf29cd32cc4e3b1952bf3697d15eda23ed30f9a52c2d08504acedabb753c1e5f8157096f22c3e249b73b7ca65b542547a1c119af25fdaeff666f1ff008cbe0f6a5a6784f5fd3e469be6b8b3fb3982e350841cbc0936fc21603192307a120126bec2bcf86aa65dd1ea3e5a952086873c9efd45646b7f0c1a5b13b754b70ccbb77797804fb735e263323c53838adbd51e86133ea71a8a7cdf7aff00807e01eade39d5edbf692f0c785755d2af2c1adf5eb5b0bcb0b88cc5f645f354379be8070001c1ce7915faa5ff00051df0e36bbfb377d86d2168d56ea1b94318f993cb438c1fa7f2afceff00f8292dec76ff00b78dedb8d52dae2d9bc4f6b0c93d967e631451c586279dcaea41c71b94fa66bef7f80dfb4069ff00b527c03b7d3750b88d7c4be1fdba7eaa80e5a3b84030f8ee1c00c0f42091d4115f194e8c6381ab8782b49dfe763f44cdeb39cf0d8a8ad12bbf99f257ecb7f133c41f0fadefadf41d72c6df52698b4da4ea90ecb7bf6eb9864cfeee46e8471935ed0dfb4cbfc57fb1dbf8a7c17aae9d369b730b9d434d75bc2a88e19815da32a7071c9233d719abdf1bbf634d0f51d164b9b687fb2f54958b178f95ba63f3641ce3f0ede95e49a57c11f1e780d1bec075436ea4af9b17ef236246de9d7ee9fc335f9ad4cfaa61ff0071885a2e8d5eff00d7a9e97d570f88fdf537ef7ddff00fb7b4afdbcfc1f61610dbe9fe11f195dc8c4240ad6690ac8deccce00f5cd62fed11fb4af8cbc4fe018ad2010f8274cbf90c32b0bafb55fc91e092032f0b91c617273c6e0326bc4fe1c7c37f893f112d859c977a8436aa7f761d420503a10d8c8fa039af72f0b7ec55f61d363bef10df5c5d4ca01110cb3e7ae3249c66b48713623117a18383f54acbefbbfc0f9cad94e5d84a8aa579272becdb93fb8b9ff04f1f0d9d2a3d52e605686de58d6de18a439c2ab162723a92cc49c77f615f9fff00f0539f8d70fc22ff0082886bbe0d6b92b0ea3636fa8f925432b799b91863a13f2e7d79afd3cd2f56d0ff0067df87da96b57cd0d8d9e9f134a416e80676a2fa92781dc938afc05ff82bb6bdaa78effe0a2ba96bb25dac7ac4da3d9ea102eecae1c16487ea159571fef57ea595e169d6cbe9e0abbf7ece5e9ff00df22a2f119a54afb42d6f99f727ec2bf1aad7c23e381e1cb8badba4ea01a5b06918e1653f7900f71ce3dabee4d2ee85fab43b5a35518e7a66bc17f605fd93341f83de07d0f5bd774786f3c74f691cb35c5d209bfb2e664f99605ff96780db49fbc79e6bea5d3359b699771b787e439fbb8cf6cfbd5606a55853f6725b1e7e6d3a53aee54ce235985447b77230e9f7baf15d17ec9fe38ff8427e3747a73ce16d3c4911b664660079c80bc647a9c075ff00810ad6d664824902c96e1a36f9c6e1bab81f883e15b5b7b8b1d72c8491ea3e1dbb8b53b50b29550f1387c1c762011cfad7b996e68f0b8ca755a76ba4fd0f1f158755f0d3a4faad0fb928aafa5dfa6aba6dbdd467747711aca87d430c8fe7562bf788c935747e54d59d985068a6bc8234663d1464d508f977fe0a35e3392f6efc1be0c86c353d452fae25d66f16cadde6644b60044adb7a06924c8cf5f2fdabc57c3fe23bf92f1849e11f1b2e1b77cda43aab1e7eee48cf5afa72df50d43c4de27d53586d26fdd6fa730db3c4c926fb78f210f0dc64ee381fdead4361a93a0c68daaf4cf31a67f9d7e35c451c46371d2ab4e2ecb45a37a23ef72cc453c2e1d5295bbbd7a9f3fc3a6eb3751b37fc237af27cbbf6b431a93d78c6febed5e41f1efe216b5a0f856e23b9f0feb5a5d9dd3ac335edcc48a9147919dc4312a0f0338c0ddc9afb86d746d4a791b7693aa2861f7984607fe855cd78c3e1cdf789f4bd42c6eb40d42e2cefa168648e5306d914820a90cd820e7bd7cee2b2dcc3d9fb917ff80b3d7c266986f68b9edf79f9abe3ef8e975e1cd1a4b3d29f76a179116076f16abd0bfa60741ea7d6bc4bc1be02f107c44d46ea7b3f31da69499af656df34efd48cf53f4fe55dcea3f00752f86df167c47e0dbff384d677860459a4dfb2df01a35dca482a376700f1c038c57d77fb357c00b7d3e0b36b3b74b8923c19669146d5e99033c0fe62be13eab5f1559c3556d3d0fd1a58ca183a1cf0b3beb73c5fe14ffc13baff005f8e0bababebe45958179234f2dc9e320375fd6bdbaf3fe09b7e1fb0f0ddc4b1add492851f3cc56419ebdf3ce7debeacb0f0ac3a65a5ac7f6e4877b6e0b0c5e6374e725b031c75db56bc636f1ffc2277090dd6aeee541db0242acbe9d6338afacc2f06c3d9bf68d5fcd9f138be2ec44ea2e4bdae7e6c6b5fb00abebb235b5aa6559b0447b3ff004139ae47e2c7ec71ac78274b79ede29cc91aeec02cc7d38ce1b27d0641afbe747d02eeebc5be67f696a966a83e55bcb38668a4ee725446dc7ad6a7c59f0f5c3f86a5496cac3538e6404c96adf363d7ca7c1fc14b5615785eac20e50e9d8f4a8f134bda28c99f85ff00133e0c5e0bc926bcb19a39a160c9292cb820e72920c14707bf079eb5ec7fb347edb7e20d11d3c33e2fbab8d595bf73637f78c5ae226e36c72b1c6ecf4590f39183eb5f6bfc52fd9d6c75ff0004dc5c5ac16fb9815685c7ce081cae08ca9fafe55f9d7f17be15dc7823c72c9b556d64620061ff001ee7a63e9df8fc3dbcaf695e83f653d5743eb69e2b0f8fa4d4d6a8fb33e12e83e34f157c40826f00e870eb1a85d284d57ed0fe4d92c2790f34b821197078192c7a0e6be8fd2ff64df1eea90bbea33786edda4197482e269118ed23825071fe15eeff00b32fc1bb7f879f047c3361a158d8cd62da6413fdae1bb52b7eed1a93367ab16ce727b115e809e1cd4d265ff896c5f29c60ddaf1f857dd60b27c57b25cd17df63f2ccc33ca6eb354ed65a6af5d3e67c77a8fecaff00102158d922f0fdd49146d90d772c658f1c67cb3d719fceb0fc1ff08fe28fc0bf8a7a578e20d234599b427f32e6083556692ee03f2cb0ae6250498f38dd81b80e78cd7dc177e15d49e16ff41b455ea775c819ebe82b93f881e08d4ffe11abfdd0e97143244c85e6be2ab82307f809efdab68e071986a91ad4d34e2d3d8e7a79a52ad174aa5acf4dff00e09ee36f3adc409229dcb200c08ee0d3eb9ef851a93eadf0d3429e4ff5cd6512ca06701c28561cf3f781ae86bf6ea33e782977499f9d548f2cdc7b30a28a2b4202aa6bd649a9e87796d27fabb885e37fa1041ab67a551f10cdf67d16e1bfd82054d4b72bb974efceaddcfcb5f869a649a16973e8f32aade6837b36993aee00a98dca8cfd473f8d765a5e9324373b36e19c63703d0d69fc7ff0d41e0ef8dd26b29b62b1f13308e738c2c774a3009ff7d40fc41ab034afb65b33c7e612301c6edbf88f7afe79ccb0ae9626717dcfd8e8d6bd34fc8c2f10d849a7324f22cd2346c4305c9001eb9edef5e27fb4cfc30b8d6ad975bb3855da085a0bb48d7992039c3e3bedefec6be9ad034f8ee6d648e46669a45c48adfc6b93c8f7aaf77e028e350bb58c24617ffafed5e7ca9b942dd0e8a388f67352ea8f857e1a783cf8aeef4f46dc2cf492ad7040ea7a6dfc87f2f5afad354fda17c2ff00b20fc30d5bc71e2b2d0e9fa7c0ab6b6b160cb79291848631dd9b1f40324f02b07c53fb385c7873599b50f0e88d63bc7125de96cd88e639fbf131fb8dec7835e17fb60e817df15fe31783f47bab2bafec7f0d5a1d40da5c4452396ed9b68dc0f0762807bf5f7af95a191c30f5fdef86f73e9aa6610c646d37a5b53cefe28fc5ef89bfb7a6a3fdb9f12b56baf0af82e4ccba6f8434e95922861eb199ba799211d59f38eca071585a77c30f0ce9360a9a5692b3c6c7724bb776e0465718c03f5ef5ed3a47812391e46d4ee04974df288d06e55ebdab574ff0d868d64b5b185a464c062aabf738c11edcfd335e8e2330a71768ab2feba0a845c63cb0d176478a697e125388ce8b0c8bfc5fe8e09f7eddab4352fd9d7c13f116116bad68d25948f810dc4111492173d194918fc883ef5edb67a5dc9b936a561fb4ceb98109c6480338c751ebe95d4f873c2374ba9c76ed6fe62ab82c572c307b629e1f19172e68b1569ca2ae9b473bfb15fc6af177ecd9e37b3f87be36d5a5f1278475c93ecfa07885c933db4bd12d6e09c9e7a29627071f3119c7a97ed51e0a93e2778a74ed034f852e2faf0879cb7ddb1881e6463db3ca81df2454fa8fecc537c4ed3d2d56dbfb3a199d646bbdb868995815655eec08e09c0079af71f0c7c2783c3a1a46f32eb50bac35c5c4c77493b0e32c4718f40381dabaab65eead54fa6e7935b32845fb44bdef2fcce6fe157c36b7f87be1ab4d26d54ec8908048c649e59d87a93fd2bb78d7ecad1ed5fba00033fe7fc8a961d3974c977484333372c7bfd29afb73e610c194607b0ae9951e5b72e963caf68e6eeccbf12174815463cc724003935e47affc45b7d33e39695e1fdc16e34e84cf24608f95dfe519fc33fad74dfb4afed0fa2fecc1f09f56f196bf22a476a856d61e0bcf31e115477627fce335f9f3fb307c76d5fe247c6bbef146b5311a86b937da3603b844bfc318f655e3df93deba28e2961aa4652ddbb23d5cbb29a98a84eadbdd8adfccfdc2fd9fbc4e358f0dfd9f76e680061ec0d7a157cf7fb0e789bfe125875060dbbc9b7881f4e4b7f857d095fd0393d6f6b8484cfc673ca2a96367041451457a8792158df10f5c5f0d781b56be6611fd9ed5d831ec7071fae2b66bcd7f6a7d5ffb37e19344490b793ac4f8feee198ff21595695a9b6fb1b61e1cf5631f33c47c05aa5f6afe37d697edd7863575f26359c88c26c5038ec783d3d6bd0b4cbbb98e1f2d6eaebe5391fbf6e3f5af9bbe037c588ecff68d9b47bb93cb5d5a222dc93d5d72427e2b9fcabe9db8d30d9dc051f2f3bb8ee2bf2ac454f7dba4f44ec7e835b0fc9cb19add5ccad63c53ad698c8d16a371b77636990e067a7ffafdebc9be307ed9bac7ecede24b3bcf134136abe0ad4d1a1926862dd73a5dc20255b8e24471fc3d46c2475c57b36a7a62cd0c8aea8c1ba2d719e3ff0085ba4fc52f026a1a0eb16e2eac6f50a9611ffab3fc3229ecc3fc7b1af36a62abc5b4a5f79b51a387e64e71563f09be31f8a6f7e29f8dad2d6c6dbccd6efae8df34d3398fc976941f3653c955dce00e32c78f5ae4f46fdab7e217ecc3fb5f7889f4f371a2788749ba6d3f54b0990c90de2a63744ebd1d5bef2b7b8208c835f4e7ede3fb3943fb0c787fc61e238f47d40b25c417a2ea172cb716f0cd1b46a0ff000a801f8e39739eb5c8fedc5f04f4bfdb37e1f1f89de179adec7c69a2c16d7ab744155d6f499114a4ae00cee898afcfce236c1c8518f030f83a1868a75aeb9aeaef64f7fb8fd370b8fc3d592a5512706ade87d31fb3cffc16f3c07f137c3d1e9be2cb59b40d425222916580dd58cadc630c0161f42a48c75afa4bc25fb42fc37f883a332e99ade9e648d7cc74d3f5985480467ee4a772fd368afe7c3c7507897e116a71e9fe30d0af747b8661347298f10dc03cf991bafc8e0f62a6b7fc07e3db3bebd593ed8f20999712bca77a7aff002e86b8f1d9052a91f6ca2a51e96b34fe7a9d3538620fdec354b7f5f23fa3af037c56f027803488e6d53c4105b46df30fed0d62dd157f15dbfcff009d627c65ff0082a8fc23f056872ad96bd1ebd7112b08ed34a53379ac38c7987e41cf7c9fa57e1e781bc4763a6da5c5d4d7a1959b764bee0a7d067f955c9fe3041a9dcae95e15b0baf107882f4288ecb4e85a67663c7dd51c60773815f3ce35632747094be76497cec97e2734380e94ea7b7c5d46edf2fcee7d4ff1effe0a19e20fda5fe2cd858df48ba2786ecd9a6b4d26197779afced790f591fb0e303b0af8d7f6a8d06ffc5ff14fc41a9eb56f79a6f896c9cc6b6d74db6409113146f1b8ec0a6d653ca3633d41afa8ff0064ff00d87750f83fe26f0efc54f8ab2467c55a85f29f0bf8696756581131baf2720ed73b8858d7ee827764e063cff47f0bc3ff000500d7f5db9d361babcb9bff00185ede69d756c373797e7b23a6e18fdd4a8aadcf1d09fbb5ef657972a7565895539a4924dad93ede7734c562f0d879aa1835ee25abefdcfda6fd9c3e399bdfd9c3e1bebbe22fecd7d43c4de1bb0bf789a0dd70cd25bc45d88e4eddcdcb1e39aefadfe24f86671b3ec7a0a33b01b5a251927fe03ed5f397eccbfb3c49f05fe1e4316a17975aaeb97104515cdd4d2195a28e3409141193d23451b540e3a9af57b1d3becc5be44f36451bc9f4f4afb58e6528eaa2ac7e5788c0d195493bf5677377e25f0c6a8fb5ac7c3f3151fc253d7fa566788bc31e1ed6d63b6b7d1ed59ee4aa2b4729c2e7d40619f5ae5e6d312656cc6857049257b7735e21f1abe3edb7c13f8dde02b5b6655966d523babdc10b8b453b5f71f46dc71fee9adbeb74aa34a705aff5d8ce9e0249fee9bd179ff99f7bfc1ebf4bef86fa508c865b58beca31ff004c898fff0065ae9abcaff653f1b5bf8c3c31ac1b7904d0c3a9ccc8c0e415676c11f5da4d7aa1e6bf57c2bbd18fa23e07150e5ad28f98138ae27f685f1e0f875f0a353d4036c90a7931b7a3371fcb35db57cd3ff054af191f08fc01d3fe7d82ef558e36e71c79721ff0a31753928ca5e4560a9fb4af187767cd7ad7c7cbcf809a2e97e284ba91535ed42db49b18bed722a5c4f316c28c9d88a36b1271c715ef9e16fda27c4d7da3c6d776eb15c027727dacbf1f503bd7e377fc1443f680d63c5df0f34bf0ac57905bc7e152f71666190f98d732bef2ede9b170aa3fdef5afb87fe0977fb615afed83fb376997d7135b47e26d171a76b56e1be649d07dedbfdd75c303d3923b1afc62599568a97b19691767f33f59c570ff002e1a389a91bdff0003ec95f8f9ab2cabfbbdcdce713375f4ae67c75f1c7c4124734d676e93c9183fb96bb7567183d0f40c474271549346d8a5d48da589207afb552d4748d92ac8bb97921c763f5a72cd31125ac8f1a182a29dd44f98bc3be1387c5ff1fbc49ac5dc972d6726a2f3a89c32c9396390bcb12368e18fb607b7d1babfc71f0afecf9f0f9bc41e23d4ad74bd3ed41fbab9676fe18e341c976ec00c939ae03c63f0f0681e2cff0084834db6591ddf1776fbb1e6a9e0baf6dc38faff003f11f8b7e09baf8f7f1864b9d5a39ae7c3ba0ffa3e9960462366206f95c7e83be17df9f9d8e16706fd82d64efe87d2fb6a7592759fba96dfa17354ff0082a9fc54f8e9a85e37c37d174df0678763730c7a8eb10fdaafa71fde08488d3e84bf5ae0fc49f1b3e3cf8816469be34789616e8a6d6de0863539cfdd484671ee4f15e91a6fc2abbd32c22874b86d2cad82e13ca4084fbe581ce47718aa77df0aaf2407cd9ae38ebb2fe45c73e80815d6e9d44f593052c3dfdd824bd2ff0089e6de13fdaf7f68df850e9369be3ed2bc5cb192c6cf59d3e166939fe12a236079ec6bdafc37ff00055e5f88d1db68ff0010bc3371e07d64801af2190be9f71ce0ee5237c63be7e65ff6ab8bbbf83f7c926e8ef2fb81ca493fda2339f67cd49ff0cf30f8c3c3ab63ad2add4411be6893cad84e46540e01c1e71b738ada152b47697c993563869bbca2afdd687d75fdaf63e28f862d379f1c9793420dbdf45893231c2b11feb23e9f29e80e411d6bf3fbf6b4f0bb5df896e1a6b5f2eead40dc63ff0056ebdd949fbca4e7dc1e3d6bd17f662d6b5afd9a35c3f0f756bc6d47c3978cf368d39caf940e58a60fddf5dbd88e386a87f688d21fc5ba1df8531fdae393740f21e003c327d1863f15078af2332a5f5b5b7bc8edcbe5f55a974fdd6775fb10fede16bf08bf64bb3b0d5aea4d5b59d1ef6e34bd334880799713c790d1672708a4c9b413c606003d07d29a77ed15e30d3f4f8df508f4b92f2448cc96d1c4556ddcf2c81f712db4719c0e9ef8af93ff00635fd90a3d06eecfc4daa46235b76f32d22719f3dcff00cb53ecbc11d8f5ec33f478b25d5b55924ff9670f05fa063dcfe3d3e99af729e32bd3a51a7cdb248f0f1b87c34eb4a518eeee75ba97ed1fe20bfb35748ac63654076853c1ff003d6bce3c7ffb4cf89a6d3f696d3552dce7e7b6dde6639ee7dab575fb155b6661b56461d7181debc7be2b6a7f65b09e28d8c9712010c71ff1191b8403d724d67f5ec449db99dc8a383a0b68a3ee5ff827ff00c44d4fe25fecfd6fa96adf665ba92f27655810ac6232e76e0127193b8d7b866bc37f609f0dc7e14f82d6b671b6efb3c50c2c3fda54c13f89e6bdcabf71cba325858296f647e65995beb53b6d70a28a2bb4e10031589f112536fe10bc9867f72a1c81e808cfe95b75535dd3575ad16eed1beedcc2f11fc4115152378348d28cb966a4fb9f1dfc5ff0d59f8e20bcb1bc52d6f7431907e6461caba9ec411906b85f00db6a1a35cb695aa33497d6a3f737017e5bb8c743f5e99f4aee3c48f24370f1b337990318db3ea0e0ff002acdd56c9750b68faee8fe64707e6422bf1ecea8c6a4db7ba3f52c3cda824b662be94b712f990ffa3ce39f463f4ab96d7c5bf7370ab1b8072d8f91bffaf537872dfedd671a6a4db1c003eda8bf2e7d1c7f0fb9e95a57fe1bbcd2e05924852f2ddfeecf17cca47d4715f33ec651f84dfdb46f6919d168ea555e13e66f192ae7a8f63591e33f0e69f268174da8db42f0dac6d3913c61d46064e0f6e9daba4b58a3787f73232b75dadc64fd2b93fda135f6f087c14d7aea4dade641e4216ea5a460807fe3dd2a6b537ecdc9ae86f41dea452ee7c5df0ff43d63c41632eb171f6cb1b16be9407788860b9deb1af18c73d7fba00ed5af757f3e8d64e566799be76dc5be65dc3a003db1f4af48f841af5c68de12b459a5665bafdeaab28e0b31c1c0ff00647e82bd0a1bbb7b87338861661923318e0f7c7bf5af8ead93cabae7552c7d4ff68724ace3a1e2ff00b2a7c399be3a7c64fb66b62f0dae9364fb3f786288b3320033c671cf1f5afb6bc0df07bc3de0e80b595a5b479392c80bb13fef1e73f8d71bf05a3fb3dbde48eb0bed7509b1701739620fbf22bd1b4eb9923f3954aa4721dd8038cfad7d065796c30d492d1bef63e7b34c74eb54d345d8dc8ade148c7971ac63a82c013557508f60fddaee3fdeed50af882dada05679b7b7718c93f853ac46a1e2798a69d65232f432b8c2a8f5cd7b34e9b7a2dcf1252515793d0c5d5ed8452ab337cd9c818ebf8572bf133e22e87f09bc1575e26f146a51e91a269c0b3bb9cb4cdd9235eaeedd0015d9f89ef34df07db365bfe122d49738488e2d6261c8deff00c5f45cf4af9abf6bdf075dfc61f841ac1d41bed573e4968d71b521c73b513a28edea7d6b8f152f649a8abcb7f2fbceec0255e6b99da37dfbfa1f07feda3f1af56fdb83c6525ddd47269de1bd2411a569a0ff00ab5ff9e92766958753d0741dc9e47e06df7fc219aad9aa0df32b052cc792391fcaaef86e196d2c6e2d7c9ccd6f2346fcf2066adfc18f859abf8ebe33e93e1fd36de6bad475ab958555573e5a33004e3b75c0fad7e7f81c562b1b8e541bbcb99591fb1caa61f099738ab28451fb29ff0004add32e2e3e075e6bb70ac06ab74120c8eb1c6b8cfd0926bea2cd729f04be195bfc1cf855a1f86ad7698f49b5485994603be32edf8b13f857579e6bfb0b2cc2fd5f0b0a2f7491fc999a62beb38ba95d6d26fee0a28a2bb8e00ce2bc57f6efbe6d27e0b4774bff002caf554f3d37238fe781f8d7b5039af34fdaefc17378ebf67bf1159db26fba8a0fb4403d5d0ee1fc8d7263d49e1e7cbbd99d997c947134dcb6ba3f2b3c5bacde5cf889754b1ba92d6eece659e1993efa3ab6463f2fd6bf403f666f8d161f1dbe1cc37ca561d6ad9426a36d9f9964c63701fdd6ea3f2ed5f9d56f74d7b76cadf2fef3a743bbff00ad5e97f02bc51ac7c39f88763a968b71f6775223951b263963eeac3ba9fd3af5afe71c2e7ce8e62e9cd5e32dfcbccfddb33caa388c22717694569e7e47e825d4043edda7d326a3963c46ca1b6e3ae0f4154bc0ff00112c7e20d96e56105e28065b73d41f6f51ef5a725a94b8763b995876e41afacaf4f4e78bd0f8252947dd96e8e0fe2c7c26d0be307846fb46f1069b0dfe9d7f13413c5711878dd181041ef822be24b3ff00825c6a9fb34eb0d1fc37d71aebc33625ee348d2f531be6d28b3167b6594e44b6cdce11f94c91965236fe87dcc31c711cfd70075ae6f55759aed62dbb0b9c61c61881fd2bc8c549d4a4e8b7a3feae7a983c5ce9caf13f3a7e36fc14f0d78e3c34ba5fd86dfc13a83304bef0d7886d5a6d06e1ba96b59f0c6d7279d9f347cf18eb5c8eadff000440f0578a7c3706a69f0df5686e180633f86f528750b663d49458e50c3d81415fa41e24f03daeb3048b2db47346bc11d467e9d2b8c6f83da235d48469f0c2b27de0bf2a9c71d057c9cb2f9536fd954941f5e49385fd56a9fdc8fa9a39f622114a9bfbd5ff0055f8dcf94be04ffc110be1859d825eeabf0bfc61a8346c49835dbafb0db2f4f9983ca063bf427dabddb52fd9cbe1e7c07f0cae9fa5f873448e39301740f0dda88a19dbb0b8b955124abea88141ee48af52d2be1569fa44086df4d81a2ddbf19ce0e79383915d35a78776a2edb78e3653b82a0009fae0563532b9d5d1ce727de7272b7a2b25f7dce5ad9b62aacb9ab54baecb4fd5fe167e67c37f1abf60af8a1fb61eab70b7dabdbf846c3585fb35eea3bb7dc69f63c66dac215f955dd7286473b5149da198e57e94fd947f61ff0004fec83f0fadbc3fe0dd2e3b3b5b7409e74877cf37a9663dc9e4fa9af67d2a09e275dc80af7038e3dab6059a3027a1c75afaccb70feca82a09e97bbeedf7678f8ccc2a5476d9791ce43a5346cbf2ee8f27863d3dfdea6b858d22fbaddf9eb9fad6b7d9b64bc76c824d733e3cf18d9f8534d96e2e1d638e319763dbbe07a93e82bd285f63cdf89e872ff15fe2469bf0c7c1fa86afab5d2d9e99a4c3e64ec7259c7645fef39e807a915f9b2ff10b54f8e9f12b5ef155f2b5bacf2e2da02770b38541f2e3fc06727bb127bd7ac7ed4bf14358f8f3af796eaf6ba0e9cce6decc367791c79b2ff79fb01d141e3b9af1dd1acbfe1107bec6ddb22050a4001bfcf35e5fd7a52c6c29c748afc59f5f81c0aa38695497c52fc11fa85ff049ad71b54f87daf43b99a2b46b64524fddcac8715f5c57cbbff0494f07ff00627ecb31eb0f1f96fe24be96ed0918cc4b88d3f0cab63eb5f511e6bf7ecb6ff55873763f14ce25178ca9cbb5c09af933fe0b1de13bbd6bf6519353b740d1e83762eae3fd94da467fefac0fc6beb33cd713fb467c305f8d3f033c51e1760acdac69f2c116ee9e663299f6dc067daaf1d49d5c3ce9c776998e5f5951c4c2a3d9347f30bf1c3c4571ac7db279e649bce72ed8eb9ce4018f618fca8fd87be2f7893f64bf8cf6be38d0ff00d334c9cac3ab69a8db7fb42df77200ed22e72adf87426a1f897e0abff097c55d43c37790c8af6374f184910ab7de2173ee3a1cf420d771a1f8461d1b4a8e1587f7d1300f8e307d4fd79fe55fccf8accaa65add37f136ee7f5ce169e1f13805096b1923f683e0afc6ad07e367c3ad37c49e1fd423bcd375252237030e8e3ef4522f55914f054f208ee2ba7b9b559e4e0e07a7a7ff005abf35bfe09cafac7c31d7b5ad534bba923d16e9561bbd36566fb3df3724360747032038c119c720e0fe807c3bf8b5a3f8ea1fb3d8cc57518c1ce9d39c48a07f75bfe5a2fbafcdea057a596e7187c57b89da5d9fe87e4b9b6533c2d47ecf5877edea5ed5fc351ea11344d1e236e38fd3fc8ae5f50f86f6b2dc3dc2a84bcda57ce5eae3dfb1af446b88e75f99915b217f79f2e4fa03e94a3c39211b995a1ddfc2c370ff001af4dc5dee8f22336b43c7ff00e10cb8b59f64d079c918f96504b67f0e3f4cd625d787e0b6bd69a4bab2ea378960f28a2f3dc9f5af72b9f055cccea9b5638d87dec6e18fa7f93517fc2bfba662ad0c72230db8003647a60f5aa8ca7d55cd3db25b1e24741b59c831f9132290c5e09c63f435720fb0da3ec6991a4c07f2d9b0e467aae3afd2bd62d7e15dae94d3791a6dbaf98732f976eaa4f6e481d6ae43f0c97cbdd1c4b1f232760f97d3354db5f643db2678078e7e11cbf122df4e7d3636fb4da5c89a2b964282220fcc016e791c7422badf0bfc00d3748bc4bed59c6a977f79603fea236c75c753fc8fa57b4dbf81658d42edfbbd7e4e9fce963f09880b6e873b79ce3a7ff5ea5a9b9732560fac7bbca99c8a684d7d6b1c8c7ecf0afcaca47de1e83dbe95626923b08152355f90e006c600f535d15e6973470ba8c853c2173d3b9c715c8ebfaa269ecd1bee91dba6067358d49289316e473be36d6638ade46dc154a975287a81e95e0b75aeff006c78f16e5be7b1b025a253de43fc7f876f7fa576df173c4335cb35bc2a57731debebedfe7debccb567fb25e2c0adb5a550095e31ebfe15d993e1d54acaacf64764fdca76ea7e87fec15af1d53c11a842c54f91221e0e472bfe7f2af7eaf9cbfe09b5a3496bf08efefa4076dcdd88e327b845ff00135f46815fb660ff00831f43f2bccadf5995828a28aea38428a28a00f96bf6b9f005c781fc52dae5bc4dfd93ab30691d7a4171dd48ff006b1b87a92c3d2bcdb4bd6d67b7f9557e5f98e4f5afb6bc67e12d3fc77e18bdd2754856e2caf6331c8a7823d083d981c107b100d7c4bf123e1d6a5fb3f78bff00b3f51ff4ad36f598586a1b70970bfdc27a2ca0755e87a8e3a7e77c5593d48c9e2a82bc5eebb799f77c3f9a42a53fab55f896cfb9b9a3dcb48647656fde004a02571d3fa53a5d6bec693b69ba94da75e6efddc21be43fef21e08f7c66b27c2faa2dde1bccfde2001b7718a8fc451ac33acd088da66727fda3f4fcabf3dad2b415cf7dc7df1f37c57d52cae97fb6349d3b548891be6b46f2a41f87426bccbf6ccf8a3a4dff00c35d26cf45fed38e6d4355892586eadf0a8aaacdf781dbd40c60e78af429dd6eec993e78644058fcbdbbd799fed19041ad7c39b196de3dd3d86af6b29013eea972ac7dc056e6bcbc7622bfb09439aeadf33d0cbe9d3fac4256ea651796dae6cecda14f2f4f5dadb5c79884280b9c75e067fe0554b54d4a4bdb56b78ef64f3e63bf7ac9865ff77db8edef5cf69be29bdf116a775fbb28b228cc80e4039e99ea7b73e99ad84d41e189a3648555d483850370e98ce3a75af978e2aa35aa763e96546317b9ef3f0265d3ad3c0907dbbc53a4e9f34d2bcc61925dd711ae7037000f276e7e8457713f8d3c15a4c2df68f126a3a96dce56cac1c85e338dcd851ed5e21f05f43d36cfc2d6fba6fb4162ca0bbee925e78c9f41d3f015d86a164b25ae5a3db0e390a373723a735f6d84a9274138c56de7ff0000f8dc653bd692727bf4b7f91c9fc46ff8283e87e08bb9ad3c37e0db8bcb885b609f5bbbf9777f7bc98c73ebcbd69fecedfb53f8a3e3bcdaa43e20d4a36b6b7ff5169690adbdbc43823083af53f789af953e3fd9ff00637c40be8c2304720e49cf5c60d763fb1eebab67f15a3b72c04375093c8c02c3915f0787cf3309669ec2b4fddbdacb45f3b6ff0033ea6592e0a381f6b08fbd6bddeaff001dbe47db5ac22b6890c7042a3cb50c76f1c77c5703e28b07bed3e68d55b0c30438ec7ae2bd6346293e9c772a31d879fbbc7bf6af23f897f132d7c331b5cde6eb78d498dd89e33fec8ea73f9715fa656a118c53933e470f59df9628f80be31fc2d93e1b7c4cd6218ade490ea129922555e0efe78fc4d7de7ff048cfd878fc31d34fc4bf13421b5cd6621fd9914839b784f1e6fe20e17d893dc63e6b7f1de99f14fe2ac979716adf67b5fb87208b803f84fb648e9d72074cd7e9efc0b2f63f0e741b57ceeb7d3e08d87a10833fe15e9f0264f82963ea6322af28ede5ff0004db8b334c52c0c30b2d14b7f347a7c337983f1e6a4ef5474e767391d2af57ecd067e49523caec145145590151de5ac77d6b2432aee8e6528ea7f8811822a43556eeefcbf947e7532765a9514dbd0fcabfdaabe0649f04fe386b56cca56c6f2733c2dd17e6f981fa30e7ea1876ad0f81da74375ad472492218e14dd9c8e49ed9afb5bf6c9fd9f61f8f7e03692d638db5cd390f900e17ed71f53093d9b3f3293c06e3a31af847e1c2cda45dc961234c924170d14dbd363a1048c30ea1810783d0d7e0bc4dc26f0b994b190d69cf5f43f67c8f3d58bc0aa13769c747e6bb9f45699730585d24f0de1b79046bb18c8576b0e3191c7a7bd7553fed0727861e31a82b4b6ea9892741b5837b03c39e338e0fb9af35d0af2d6eadadbed5e4b2ee25c0520023b9e7ef67f2ac7f13ac5abe9f269f74de658cce05b6180647273b81f627bf519f6ae1862e54a364c553090a8fdf47d31f0f3e24683f124edd2b56b1be96350ef0f9816e1723bc67e61f91ad4d534f865b8dbb537b7dd523e6c77e6bf30be32eb571e18f13ced6335c99e33b63955bcb78f0739c8f61c62bb3f803fb737c40d0b6dacde22babe8d079646a005dc6b8e992c37f639c357261f3dc3566e9d48b4efbad4788e1bad08fb5a3356ecf4fc75fc8fbdaff00455446541b57b8e0d639f0db8756c2fdece4c64fe55e5fe1bfdb3247b5ddac59e8264917cc430fda21fcb8618e95b96dfb61e862e7cb9b4887cc62369b7d40b06047ab4639cd77fd5a8d4b38cd7e279dcb89868e2ff0ff0033d2adb40708bffc4f4ad1b6d13cc65c0f71c579f4ff00b5869f059db490787750bc6b82db552e9064019e32a3272318f7a91bf69aba6d2279adfc2f1c3244fb104f7e64cf4c64228f5c919cd691c35182bca6bee7fe472cbeb52da1f8aff33d1068040e71edf4a96ef457b383cc9a486d616fe399c203f4cf5af923e38feda3f112d2f2eacf4dbbb3d0e352518d8db2aca71fedbee3f962bcd7e1afc61f1078c7c56ad7faaea57b7ad8dd2dd4ed332a9f4dc4e2bcff00edec0c67eca9a727f72ff33d0a79163654fda54928afbdfe9fa9f61f893e29e97601a3d3564d4a5dc50b7dd8931c67fbc79e0631eb9af1cf1b5adc78c6f4b5e192e11810b1bfc8b12f3f740e9fcce2b5b45855e16553b6453b8a96ce0fa7f9f5a3c6367399a2db202eca49c771d38c57a7f59e7868ac829d154e56dd9f2b7c61d1974bf17c91c2bfbb9338c0eb5c45efc34bef897f12747f0ae8a9f68bed66e62b64083a16201e7db9e7d326bd53f68db6680b4aa5e29ba8f93042fb9fc09fa0afa63fe0989fb22b7812d87c48f125bc8babea5015d1e09c7cf6b038e6620f2acebc28ea1093fc7c6fc39944f198cb5bdd4eedf9763d2cd736583c1f35fde6ac9799f5dfc27f00d8fc22f869a1f86ac76fd9b45b28ed14818de55705b1ea4e4fe35b771a808ea9f9e73504f21cd7ee11768f2a3f1cf65cd2e696ecb126a0777dea69bfda3ef564de5cb44c3d2abc9aa346dd78a9b9bba2923f2abfe0b61fb12ffc2bef8e763f16b43b049343f114e13500b1e56cef8f2430fee4d82e09fe30e3f8857c4ad9b8d417ec2aad25c37cd1b71b3d0ff4afdf1f8f965a778d7e13f89348d6b4f8752d2af2c2559ada5e449852c31dc32b00411c82011c8afc65f1bfc2db7f859f165bed52c922aec93cc48f62dec646edc3b091790c07f7491c1afc37c44e1b8ac4ac6d1fb5baee7ec7c0bc453784782abf6767e47b2feccfa7de7823e1c595a5f5ba8b9ba2d36f550140e8307b8c77e39fa574a161b0d6963cdc472f13b119f93072304739c743daa7f0a6a5a7ebde0eb26b39772328448dc7de00755c71ce3b75e78aaf60f71673335c7de91f0232bf77d083d4e78fcabf2ba71b55e6d9a3ddab2bddbea7b1f827f684bff0f69527f6e7fc541a7c71e51ae08fb4a0ebc498cbe076604fb8aecbe0dfed59e07f888cb0d9f892d341be6723fb335822d5d8ff00b2edf2b0fa31fa57cf5e36f26dfc13235bdc346d719664cfd01c67a673c8af3083c1d6f75730f9b00915c9215ba0e9d2baea71762b06d732538f9e8fef38e9e4186c4c5ddb8bf2ff0023f4d55af21844ad0c5710ff00cf488e55bd082383f5ab967add9955596d675c756eb8fc6be17f8377da878003dd693ac5e6970e486892edd6227af001c77f4e2bd534cfda6fc69a7d8fda24d4ad7508d1b0566b256c71c6580048f7f6afafcbf89e8d58a9ca2e37f9fe27cd62f23a94e4e3169dbe5fe67d411dde9e76aaf99cf4f97afa77e31525b9b44b9565dd9c72ac383fad78af85ff00697d5351d3d6e24d3fc3bce37911bb60fa603715a937ed1bac79c161d3b4186323b40d26cf4c7cdcfe35edc73ca0f5bfe0cf2a597d74ec97e27b03eab6b001e5c3b9bae5b8183593ad5d5e6a117fa3da48cabc8658c800fd7ffaf5e64ff1b3c45aa2865bc4b48b9c7d9eda38c91f966a96a1ae6ad7f25badc6a179751c8bf3096e19b8eb9dbd2b3a99e425a2fcadfa853cbea2d5dbf33a2f14ea31d8c6df6abc1b9723c8b7fdf383ef83b47e278f4af27f1af899a50f1c2a61818104b3ee6600f3f37f415d36b17715bdab28662abf2e3711cfad713e22b65104ed23ee6604024727d2bca788955777b1eb61e8c61aeece0fc45aadbc37525d1c4981b63527193fe79fc2b95f0e69971e2bd7e35f2fcc9a4611a01cee2c723f019fcaa6f16c6cfaeabc87f751039f9bee9afa43fe09cbfb36cde31d7a3f17eab6e5746d25c8b30ebc5e4e31c8f554ee7a16000e8d5f61c3b82a988aca10dbaf9239736c553c3507527bf43ebbfd9ffe1dafc2cf843a1e8a136496b6e0cc3b976e5b3efcf35d9e281457ec518a8a5147e4f526e72727d428a28aa2428a28a008ee7fd4b5713f12fc3ba7f8bfc3771a6eab670df58dd0db2452ae41ff00681ea187504720d7712a79886b97f14dbe6d64f6ac6a456cf63b30aecf4dcfcd6d33e316a3f0cbc51a8e83ad47f696d2754b8b169203fbf8d518852ca7ef0200391ea3d467d2fc3bf10345f19c90b5aea02665043c5f7648c8f55f5fa5715ff0502f87ade05f8831f8be185bfb3b5a9520bfdb1eed97006d56e391bd0609efb7d4ad53d1bc1da4f8b7c2d6ba85d4722dc461106a309dd2c6a78533ece768fe19864631b875afc2f8913c1e2e74ea474bdd35d51faae5d4a189c3c6a41ebd7d4f5fb4d7adf85f3239a36e30cd86ce3d0faf4fc692ff0044b796fd982feedbf876f03af5edce7f4af00f1eeb9af7c18d353506bdbad42c97a8b8b71728bc800a4c80161f91c7d2a9f873f6d8b59245850c3759e0fd96e3e7e9d3cb6c3f1f435f334f33a157dd7fd7de7a3fd91894b9a0ae8f7ebef03697793aeeb4b58f712db911437bf4accd73c076362f958eddb9ef12961f8fe55e607f6d5f0eda499d4eeb50d25586019e0c1e476dc7dfd2a3d47f6b8f08ea6ecabe24b5e99dc551588f427763bd7a14ea619c7dd48e5fa9e2f9b54ff13d7342b28b476db1848b92d9550a339fcaad6a7760232fda495618619e98f4ed5f3fc5fb75f81746b864bbf10c31c5b8aeef3610463b8f9fa1e706b0758ff828bf85f528e44d1f47d6b51ebb646dcb196cf19650473db9adbdac630b2d0d16538a9caea0dfc996bf697f0cf9be2e5badd185ba40db8e39209ec3ea0573ff000bb5d6f0178af4bd5556344b6980779df60099e78ea7806bcdbc63fb586a1f1275efb2a69d02bc44c715be95135e5d0ff78aee518f52c9835f47feccdfb3b41e38d2f4ad62ef45d42eefbcb2f2aea1b7c9b26ff6b9d9ef9f9ff0af87c6e168d2c67d614b56ee92d59f532a15e8e114310b956dab3d29bf6ba6d66c64b7f0fd9b6b062c6ed4e746b7d36d86e2bce46e720f61c1f5af0df8b5717dad59cda86b1ac5c5cdcb1f31548f28007f8bca1f7107400f5ea79c57d01e2af095af86fc1d7578b3db5e15daa6f1611169f0bf385857fe5b3f271c9009fc2be69f895ae369161a85bdc48f0f1e7b89be791231d26b83d87f763ee48e302bab159962f10b91dd2fc7ef3cfcb7078683e6a6aefb9ccfecff00a6cdf11be37e91e1db58ff00d1eeae07da111f12794a773b1f4014924ff79c7a57ebf7c3c6682ce18f6e515401ede95f05ff00c12b7f673bd54bef1d6ad6b24336b8047a64722fef22b5073bdbd1a43ce38c002bf44bc27a11b7b6518edf957eefc0b93cf0397a954f8a7afcba1f9f7176650c4e2da8fc30d3e7d4e974e83cb881ab350c92a5859b4923058e152ccc7b01cd7944dfb6df80e3b55b85bad4e68d8f063b095b8fef6319c7bd7da6231d86c324abcd46fb5ddae7c2d3c356aedba5172f447aed15e367f6eef876660aba85f3738c9b3751f5e706b5bc1bfb5df81fc6fe35b4f0fda5fdd47a9df922d526b49112e08058857c6dce01382474aca19c60a73508d58ddecae8d2596e2a31e795376f43d31fee1ac5d427d8cc0f04fad6e5637886d0c9136ddc3b835dd536b98e19ae6b3396d5f57f2c361b8e9835f0affc142fc551fc26f89fa2f88acacfe6d622686f4c51ee32c8aea048cbfc58561b8f5c2e79c57da9e223241e66efcebe27ff0082a1e817be21f84126aba7f97f6af0ddc2dfb2cabb965b71959d481c9c464b607528077af9fcfb0f2ad829c69efbaf91f4d93d48d2c641cf67a3f99cc784be37437fa7349146bfe9718f911b01ceec6e53e8718ea08c63a8a83c49e2cf361b98ee9163936644793919c6091c7239e47ad607ece32687e2ef8716f63ad492ff0065ea6e7cab8b2b7125cd85c6d05ae62c732edc032c23965c4aa092d543e27fc21f177833c41a7e9974d6fad59ea7099b49d52d5cf95aaa0ce0c121f91dc8e7ca2c241d95bad7e33530bede9ba94747d53e87e8caa4695654aa7dfdcf2ef19f88a69f536171730958f2aad212cc179c31c0c71efea2b77e1768f6971e228e486e3edc611e61880dca7a92300e7a67deb0bc4be0bb8b6bd68efa093e5f9a7827568e54cf0490403d7f018ad6d1b4a8745b585b4e85a167c3ef2c5a601300ed552063d7776079af93a383946bfbc9a7e9a1f455abc5d1b459ecb6de264d174b5814dadc4802e209ed0b9dbc9c1dd9dbf875c7b56c6853e8bad436fe5de4764d09df2a4cd98c96e9b4f551c7718e7935e5de12f1f35edda5c5e5c432cb6d2108c63760cdfc29c60ae739e78aeb3c23e3df0fb6b4bf688e3b4824c8746063c13f5e71ef91ce7a57d4538b8c753e76a9ec3a34d0cdf668ae61b8b19237f352e1c2c96f26067f767b93f89e2b53458ef22d76e96d4ee86490aa3e7f76fec00e72063f3f4ae3743bc8f46b456d3ef26bcb7720fd9a64564da4f2727a75182a4919f4aedacb5fb38f478ee116486e20c23408e1923ef907d0fbfeb5357538fd0f21fda0ec1ed7c63751cd12fefbe623afa77ff3d6b37e12d9eed62dd63fdcb3b6d52c776e3db1ff00d7adcfda5a7fb4ea50dd44bfeb14157e3bfbfe78fc2b87f0b7895b44d42de4550b0ab805c90b8e40c73f9f15f12f0b53ebce308b6ae7d352ab17844e4f5b1f48db86d2ad5b749f78fcc037cd9cff009fc6a87897c7b69a3d9799792b47e602db875c03d73fd4f14df04787fc4df13ac24bb87ecda2785e2f9e6d4efa32b1c63a61370cbb13c00a09270335e2dfb69a47f0b3c2d7724736a125e3c1e4ff00a5e0cd1eeeec8a4aacac0fcb1f2517963b88c7df4f0d2a149549f5d12ee7cce1e51ad5dd18efd7c8f53fd942cf41fda7fe29ead7d791ff0068693e1396211dbe07d9ee6e199f1e67f7827979dbc024f3c0c1fbab4897745eb5f1cffc12abe1acde09f8036f797907d9efbc5339d4dd0f252260161527d76286fab9afb5345d38ac6abc6dafd9387f09ec305056b49abb3e0b3bc429e266d3bc53b2248d4b8fe7529b2664abb1d82a1e959fe29f1d687e028a3935ad5b4fd2d66c88fed370b19931d7682727f0af6a568c79a6ecbccf03db393b415cccbf460ecaca5769ea4ff2ac6bc431ff007b9e99351ea7fb44fc3c9be6ff00849b4d665e9b18b7f215ceeb7fb46781eee26fb36b71ccebe904bffc4d70cb32c2477ab1fbd1e953a35a6be07f7333fe27dc86d02ee1ebe742d1fd0118afc96fda66d23bff001c5c693786455671129de41b79636c2b29fe1c6dcffc05c77afd57d5b59b4f1b695713584eb751a9dac47ca55b19c1079afcd1ff00829afc27baf0cf8a9b5c89a4b5b3d50ae67873badae17a37e380def87f5af8de36c3cb11838d7a0eea2ef75d8face10ad1a58b74aa69cddfb9c6785351d67e19ea572b35b5c4b6b678fb5c717ef5ed491b95ca81f344472b2a8f50c320d7a8e83f16b4df176a56f32dc6e95d06159c7a7f09e87a7bd37f62dd0f50f116af633df47fd8b25940d1c770c3ed274d057e6dc3acd613f519e6227d00c7a97c7efd85f43d6a29350d3616f05f891819512de40da66abc677c3c6c248e7070c727bf35f93d4cba35e9bab25af747dcd5c6c2157d948f3ff1deb56b736b6f1432248a641f248c14ae074cfe22abdb4696d1ac9fbbf2f182c5b8049c0c1f635e717be0af15f87b5b4b4bab5fed78b9d92dabf20f4e518e7fef92ddab6fc35e20fb25e45672a5ddadd2912325cc64743d30d8e3af4af8bcc327a95669d36a4976ff0023dba15a10a7ae87a74f15bdd5b410ac70cd24599fecfe6859020c296c0ea3eb8ae83c3378b79756f0c325dcd6f2a91042b8410853860f9e4900fa5794dfe94649266b3bc1f679df1730a4db5977e18ed0c338e9c6e03d2bd4fe1ed8ae9d6de629b7f26e2152d279c4c8848db839ebd33f8d7b3470f2a69248f231124f53b0d06cdec609a35f951b1e6e71b47a6d3f855a8dede36d91ac5f69560471e9ebf5155a05f25de6fb5315c796f16e182471cfd31d3de9b61a95ba222b48aecc48077636e33fa577d38cb6b1e64adb9d269d79b13736ef976e01f94007afbd6f3dfc3736aa37e1540dd86dbc7d7f3ef5c05d78eb4bd39e38eef51b45652331acaadb87ae07271d6b2fc53fb44683a6bc70c2b25fccd9000c471f1eac7d7d8126baa8e12a4e5eea673cb4477ba9df4424daac36b316db9c608fd4d70fe3ff001569fa45bb4d34cbc825223d49fa7b7f5ac78ef7c79f122ced9b49f0fdc6996b760b2cd73fe8e8547f1b48f83b07f79411d8724573be16f843ff000b47e20695a2ff00683ebf71abea0960661118ede250d9999464970aa18ee3edc0afa4cbf296ea46155efd16e72d4adcb1735d3a9eb5fb2e7ec55af7ed25adc1e20f12c171a1f82d5bcc4520c771aa0cf48c75119fef9ff80e7a8fd08d0f43b3f0ce916ba7e9f6d0d9d8d9c6b1410c4bb523403000152691631699a5dbdb431ac70dbc6b1468bd11546001f402a7fe2fc2bf70cb72da383a4a9d247e5b98e635717539ea3d3a2168a28af40f3c28a28a0028a28a003a565f8934ff00b55bf1dfad6a53648d654dac323d2a651ba2e9cdc6573e79f8eff0cacfc69e1ebdd37508567b7bc428f191d7bf1e847507a822be45f07d95cfc18f190f0dddc9342d248574b94955176a4f2a85be5f3075685be5900257e6e2bf4a35af0a43a846c022f3db1cd7857ed0ff00b2a587c50f0edc59dd59a4e927b6187b83d411d88e95f2fc41c3f4b32a3c93d24b67dbfe01f5193e752c2cef1d62f747cf1f137c2cbe20f877aa5bc37d369501899e6bbd3a2fb559211d7cfb420cd6dd7929900f3e82bf2bfe2b7883fe107f8af258ea1ab785756566f9679e29228e651d1a3b85e1bd3e76047702bf473c6f65f12bf66abbb86d634dd47c75a05b44eb6d7b672fd9b5fd3d31f2c6265189a318036c8add39cf5af82bf6b6f1d69ff15f5c6d53c37a9426ea3999aeade5d263b3d548c8dde75a3fee9ce40f99002719c57e2b8ee1cc4606b72e229e8faf47f3b1fac70de7309b6e9cbe5d4f63f817e34b1f13f85fcbb896282308150cd7ad2c24fb3018c0faf02b43c57fb39b7892e15edae34fb8dd213b21bfb39242a31f300f838c9c73eb581fb1069524b7f6cd7d6fa95a47e5ab45347e1b7b98656efba2c118ebd060e3b57d5fe3197c2824686faf3e13b2e3122eafe02bfb49327e808e7dabe26397b555f249af9dbf2b1eee2b35742a5e2af7f26ffccf817e307c16f12fc36d52365ff84a67b5be6ff55a45c5a3f947d5b61cafd71547e0e7c264f1e7c42b1b7d7ac6eadede3915fccd63516d4ae1f9180967100ccc73c03915f50fc6ad0bc0fa95b5bb4dac7c14b78e3caa8b5f096a525c3f6c10aa33f8d743fb2c7839b48b911785eebe24ea1f6c70ce9e0af02268b11e7bdedefcaa3a02410715ec538569a549bf9ff573aaa71038e165552b3f468f42d07f66ab3d2ecfedd2783f545d3a38f3fda5e2ed422d034b45ea3fd1e30257f5daca6bdb3e1f5bdbdff82639e14b7d6b4cb45f305d3c4da4f866cfdd149f32e3073ecded9ae62fe7d23c37a967546f03f87b57dbb37eb1a8cbe36f1186ff0066d9098e36edc6547d2a0b5f8fd6573e205b6b28fc51e28f132e3cbbdd42de3bebe841e862b38f16b6838e0ca430eea7bfa547258a928d28b94bb2d5fdd6bfdeade67e6b8cccb11895cd51e9dfa7df76bee77fee96be3678ad63f0e7dba6babab89b615b4bdb9b416eed1e39feceb2ea8a303f7b2818009c9eb5e01fb3ff00ec7dadfed3bf1162d575d81ac7c19672997ec49234a7549b7643cb21ff005840ea47cb9c81c673f4ef82ff00638d4be2f7885b5af190ba86dee369934f6bb3713dde092a6ea73cbe01c089711af653d6beaaf017c2db1f0869b0dbdadbc56f0c202a246a02a81e82bf44e1be07946aac5e60bd23bfdffe478b8ee245430ff57c33f57fa2ff003d3d0cbf869f0ce1f0e69b0c11c2b1c71205550368503b62bbeb4b45b58f6e053e185615c2ae29f5fab53a491f015abca6cc5f88d79fd9ff000ff5c9f3830d84ee31ed1b1af818dd7f66e876db59a3691403b970c49fa76ff1afb97e3cdd3597c17f14488555974c9c02c70ab942327dbd6be11d62fe1b1b96f30dc5c2a84c35b432491c6c474570bcfae00c0f5afc97c4dacd56a315d9fe67daf0753bc2a4bcd1cf45e1eb86d716e354b77b75bb90884175f9d7b1001f7ef5da781bc496bf0fbe33fc3d6b6455b7b8f115bda160471e7078c9fa1dc0571de22d7c68afe5dc697ab32dbc6b234bf6491e4c7b0c75ea4e2bcf7e267c4522f7c35ac5bb49047e1ed72d6f231704c734c5240c4ed38381835f1394d75f5ca4d7f323ebb17479e84a3e4cfd7ccf151dc402e23c536c6ee3bfb28678d83c7320915874208c835375afe94d1a3f17d62ce1fc77a109626dbfc43935f3e7c70f027f6a697710c91075742a548dcac0f50477cd7d637ba6a5e46cacb5e7ff00107e1fadedbc985e083f8d72d4834cf530f5d495ba9f947f01eca6fd9fbe366b3f0e75d9123f0eeb5225ef856e6694c0b2b23e3ec5e79f960bb84b2fd9e5380cb846c8fbbf6168f6d0e9be0cbefed26d2e1d2249cff69b6ad63ff125bd917194d460c6ed3aef383e7c60c6e406e720573bfb57feca90f8f745b88dedf27fd62301f344e3a3a9ec47f2241e2bcdbf671fda36ebe0eea90782fc757baf5bea4a1a0d1b5cb74f3ee2488722d9c484ade440648b79732a00c23671b42fc1e3b218e1f10ebd25eec9ea7d5ff694f11415393f797e3ff04e63f6bc87fe15078a2388aeade1ab1d422f30e9be208ffb534b9738da6d3505258c472304e48e8556bcabc196f6badcd1cd249a9e950cd9df35ad936ad6b0f3d4987f78a3bf2bc039ed5eedfb78f8660f167c287d4344fb6dbe836d99e2bdf0adc8bcd0e69b049596c9c79961310c329f709e09079af9b3f664d23c417fe2bb3b8d0f4fd5751bc52a59fc3f3b5a6a3185ea5e16fddb63ae3073d2bf3ecd3092a38bbd2765dbfad0fb5caf151ab82fdefc4bfafeae7a643e09d492de48f45f157817c4e8e999224d53ec7315f568a75ebf8e41f4ae7752d2b55d21f7dce8f6ed328da258b54b190229c0ebe67208afa6fc73e3c48348587c51e24d02ea44881fb37c40f8753a48808e82e6001188e9c026be6ef8a3aa687f686bed2e3f80f9ff00552268a1c160adfc51cc01e80702a33196229439e934fc9aff0026180951ad3e5a89af3bbff25f91a1e12f1eeb9e18d2226b9d4ecad4f9638b8d56cd9e31ec439655381c0f4ad493e335c41a6f950eb16b712e76c705846f74ec49c758d31dcf5ae6be1368fa7ebfb6e1b58f851e198f7ae249b4e119277f5e85ce339e077afb77e1b5f4371a22da69fe28d3ef362850de15f025cc9236d033fbe71b727b1ae5c1d3c7e313b3515e8aff002bc8accabe0f096f75cbe6edf8459e19f02fe08f8abe3778916e356d1757fec78865e4d4aebfb3ed82fb37cce00c67819afabfc0df00bc11e14b05bed3f46d2f5596d87cf7312986ca11d0f9975296925c7fb279fee8a93c3fe1fd3f41686eb59b5d416e2e0868ee3c5976b3cccc7b456101393ec40c62ba5f13f8be18351b386ea5963b9b823ec66fadccd71903fe5db4f8c6571c7cf2e36e46722bed727c9feaf49cabcb9e7e7d3e5656fb9af33e2335cde788a96a2b963d97f9dddff07e4727e3af1db5bc96f97f387fcb8ac76fe51f941cfd8e03c2ff00d7797800923b0af8c3c61e0bbafdafff00688b3d0208d53c33a2cdf6ad6268dcc8bf7f22d918f2ef21c97949c9009e9b6be81f89de37b8f1deb7a87867c32e9757d733982fa557fb54db00009bcb8c6cdc1b38b784ec1c64e383eb7fb34fecd167f0d3428ede287f7921f325908cb4ae7a927b9fe4062bbb01c3f5319898d7c4eb4e3afabff2469fda50c1e19c29ab4e4ade8bfccecfe15780bfb2f4f855516348d5542aae02803803dabd5ec2dbecf6e38f9ba9a8345d1e3d3add7e5c37f2abe4e2bf4da74eda9f0988afceec809e2bf3d7fe0a0de31935afdbd34dd195ff00d1f4cf0a27ca7a095ee19c91efb7657e851e6bf2b3f693f1fc7e2cff008285ebd74a8d70b1deb68e9b07204512a71ff03435f23c7755c72d708eedafc0f73852973631c9f44ce8a0dd650ac71c4ecd8259c8c9e6ba2f0bc7349a4dc4f37ceacdb635207ca00ea7bf5ad7f04c9f657922b8b18e1d89c3cee232719ce335d343a85bdddbcd0476a8ad193ba3c8f9b8c823fc6bf158548eed9fa0d4bec91d07eca317f6ee97e22818eef2e48640339c02ac3fa573bfb59fece16bf15fc07a9697731fc973190aea3e68dba861fed03822bacfd8b370f8a1e20b3685218aeac56403702494703b7fbf5ef3e24f01c7a942ca57ef57ed3c2f18e23288464aeb547c36695bd8e3db8bb3d19f94dfb174537c34f8a173e14d72e2ff0049d7bc3e1a48a6b51e7491dbf41751c647efad5bfe5a45cb46d9ed835f647c40d36fafbc071d82dd68b676ba91df1a3b6fd1f5b046775bcad916f231c8d848c11c562fed63fb1449e35b8b5d7b42b8b8d0fc55a1c86e74ad56d3e5b8b3971d41eea7a329e18706bcdfc3ff00b655b786ad2ebc2bf145745f877e2dbbfdc497b7f6e5bc27e2b6e80cc9ff002ed23719752a41e791815e063386d6154d53f85ede5e5fd7fc03d679b4f152854fb4b7ff003febf0dcf05f13c93782bc5b7da7dc699a8e971dbbb2ba6e33a45ce4075c92a30460fddf4cd7a178423d37c61e1c863d4e436eb202c935e591b8b539edb867693c74dbdab9ef107c3bd2fc4df136e2f26bcb0f0ade4988edc6ab3cb269b789c9db0ea311d8c87f84b7cc01009e2bdc7e1178075df86f19bc8743f1568ba75c2ee179a14b0f88b4f9463966032c41f4033cd7e691c9a7ed5bb69e5fd2fd0fb5ad99538d2577ef7f5eb7fc4f9ffc79e08d2fc19acc918fb24b0dd6009ace491636e38cfdff006ea053b44b5d3a5b78ad63babc8f6ae0fcb1b0e381c9db927d87f2af54f8b1a969fe2abeb98e1b8f87badcf09d8de4cb2687a88f4dd04bb54b0cfaf38af0f4f841f11358d6e45d1ec6e9b73911c66d209873c0219253bbf977ae1af84c453a9cb45b7f8ff99d787c452ab4f9aad93f3fe91da69df0fef2ef4f956cff00b5aed558b33a58ab6c072704ac985e9e993c560df7c3fd4564b6f32f751b5457c83e46d2c79c8236b0231ef5f507c0ef815e20f0d7842ddb5bf0af8a2198c389597c4369a7c3249dc85df9e78eb93c54de21b5d1748b968eeb47f0558dd37c88354f15cbaa5cb83d8c5083939cf00e3a57bb0ca7171a4a729b8dfbaff807892cdb0fed5d38c79add9aff003bfe0707f02bf647f0f78d6282f355d72fae3ce040d3f4db4692e081807715076fe38eb5f48780fe03783fe175f470e93e1bd3f4dd4368c3c91aea7ac1e873ce5200339dcc702b43c0b15dcfe10b78e5b5d4acf49855471e5e83a6118f5ff8f861c63b64526ab7f6be12f0a5c5d5e5ee9b6ba2a9dcce2ddac34a0707b64dc5e3f1d01daded5f7197e5b0a1415492bbb75d3f3fcd7dc7c7e6398d5c456704ecaf6b2fe97dcd7a3381f8ff00a5c7e2bd12fac9ee2eacac7204b3dacfb9e761c9569986667c641db88e319e78abff00b137c0b86db5c5f149b58eded6183ec9a3408b848203f7a41eefd01ea464ff00160677857c35aafed41e28b7b86b7bcb3f075ae006ba8562b8d680c103cb5e20b6079118e5f8dde87eaff09785e1f0de9b1c51aaaec500003a57d0647925aafd6eaad7a7f9986659a2a78658683d7a9aaa30b4b4515f707c68514514005145140051451400514514005473db24ea77286e2a4a29582ed6c737e22f86ba7f88a12b3431b03d415eb5f39fed19ff0004a2f865fb42c327f6d786ec26b86fbb3a4612553eccbc835f58515954a309ab495d1d54b17569be68bd4fcc28bfe089de21f839a92dcfc39f88be26d1560ff536d3dd49347101d006dc180fc6b4352fd983f6a7d2ac23b6b3f88175318db266fed4725c0e8364b14800e9eb9c7bd7e959456eaabf9535ada371caafe55e0e2384f2dab2e795249f936bf23d88f1363124a52e6b7749fe68fcb3d57f64bfdaf3c5732c72fc54beb1b76386115e26efcd6dc1c7f5ab1e1fff008247fc5af195ec7278dbe2f7883598492d25b5c5e5d5cc0d9f588c8911c76ca7d722bf50cd9427fe59afe54a2d6351f717f2a8a7c2396c36a7f7b66bfeb5632d68b4bd125f923e39f875ff0004a8f0ae8f6f6ebad5c6a1ae2db8dab6edb2d2d47fdb181514ff00c0b35f457c39f801a07c38d363b5d2b4bb1d36da3e16282158d7f215e80aa147031457b386cb70f415a8c147d158f27119a622b3bce4dfab2bdae9b0da2e1635f96ac01818a28aec514b63cf726f5619c519a4edf8d647c40f1647e03f036b1adccbbe3d26ca5bb64cfdfd885b1f8e3144e6a31727b21c62e4d45753c9ff006c7fda43c3bf0d7c1d79e1bb8b85b8d6b5e83ec696f1b7cd089be40cfe9d4903a9c7a735f3edae93e57dc6c3aae7058ee4ebd49f6ed5f3cebde26d63e217c4cd3fc477f75225deb5abc735c966dea1836703d801b401d00afa6352b25974ddbe73285dac8318c13edf4afe7ae29cea5996379becc7447ead96e571c0e1d453bb96afd4e5f54d56e2fbc46c8c5922488b1265dc24207ca0738af17fda259752f85375e636e934d712b14c1c866c7f515ec5a3e86961abdd3b6e8c6e23632e7b63a63001c83c7a579d7c74b05baf0af8c2de440b21b1f3c308f6838c11ed5f3987a8e9d453eccf5d463f09f60ffc135bf6b2b3fda17f67ef0ed9dd8fb26bda5d98b378da40df6c483f75e6a9f53b4123a8cfa57d243a57e41fec7de2fbbf845f093c13e20b1321bbb2bc92e49524aecf31cb211e8cbb87be6bf59fc15e32d3be20785ec758d26ea3bcd3f50884b0cb19c8607f911d083c83c57ef1c1dc40f31a0e9d5f8e1a7aae8cfcdf89b278e0ebfb4a5f0cbf07d8d5ef51dc5badca6d6506a4a2becad7d0f984dad51caf8a3e1c5beb50b0f2d49c6065735f38fed0dfb0f697f12b49bab7b9b18668a70432346083fe7f315f5c54735b4738c328358ca8a6ac7653c64a3b9f8cff001dbf634f8b9f0862bc9bc23a85e6b16ec022c37374f0ddac60002213ae7cc8f680024cae00ce08cd796fc20fda813e13f89a3b2f885e138342d4a10520bbd43ed5a3481c67056eed83c0c4f40ccabcf5afdd1d6be1f69dad2b09215f9bdabce3c7dfb19f853c7b6f2477da5d8dd4720c32c91021abe6b30e15c2e27deb72b3e8b07c4b5692e593ba3e50f849fb4f27c41f0bb47a2ebbf11e4f2ffd64de1ef10693e31b5c8001fddcc4cea339c0d9fcebcfbe317ed03e1ad42f66d3f56f155d5bdd42dcc5e20f82b30b8c77612c098ecd9207f093d057b37c41ff008218fc21f195ec970be17b5d3aea5eb358b1b57fcd0835c341ff000417f0de85aa1b8d27c59f12348917186b4f13de4678ce067cced93f4c9f5ae0c470bd49c391b4fd6ffe763a30f9c61e13e749ad6fd1fe2f539ef83bf18bc2305ce9f63a4f8bbfb6750e4a1d0be14dccd32f24fde9902af600f2318cd7b16adf1da7d3f4569b521f113fb38a65e7f17f88ac3c2966376081e5c444f8e7a05c8c63d6b95d17fe087be1b1b5752f14fc48d523501765df8a2f1d4a8e831e674e4f1ef5e97f0f3fe0909f0afc11770dc2f85ed2f2e22e92de96b9907e2e49acf0bc2b52945c534bd2eff07743c567187ab2e795dfad97e2accf2ed37f6afd0923fecff03c91de6a323a8962f01e9524cd2a646e8a5d5eed49c8e7e64404f63d6ba6f07fc21f88df155af21bc687c0be1bd45f3358e92ceda8dfaf3cdcde313339208c8dc071f857d55e0bfd9e344f06db24363616b691c7c058e30a00fc2bb5d3bc356da7afca8bbbd857bb85c8e9c2ce7ef5be4beefe91e456cd22afecf4fc5fdffd33cafe0a7ecd3a3fc33d160b3d3ec61b586251c2ae09fad7ade9ba4c7a6c4aa8aa31e9565542f414b5ee46924ac78f5b112986334519e68ad4e728f89bc416be14f0fdf6a77d325bd969f03dc4f2b9c2c688a5989fa006bf197c01ff001757e25de6b970ad74756d427bddc7040deed26ec77c6457debff0529f8d88ba759f8074dbd8cdd5e44f7baac71b8678a2185891c760ec4b73d7cb1d8d7c1ffb0f5919e590cbbc1b37962c9fba3e62a78f5afc9f8d33ea752bcb011fb2b7f367e8dc2d954a9e1feb92fb4f6f247b8f87bc00b6baedc4d334725ae33e5cb02ed8f81d0f5e4f3f85753a9e870e9d6127fa35adc42aa6405406c8c671fa915774fd0defe39079ca50e3e523e607ebedfe156a7d156c34ff009a39e58d90e71f37715f99c68ab347d3ce7765cfd887c71a3f827e376a1717ed058c7a9591b7531ae5236f3108dcdd40fd077c75afb91183a6e5f994f4c77afce2f831046ff1a756550cb6b2d9bed89931b0ee5e73ea7bd7d7dfb28fc4e3e23b2d47c3d3dd25d4ba2b07b67df9630312021ff708c67fba56bf50f0ff003a5ec9602a79b8bfcd1f15c55963e678b8795d7e47aaea3a243a8c65594735e37f1fbf635f0c7c6ff0e5ce9fac697697d6d70a559248c3039af70efef41e6bf4e9d18c9599f1f4b11383d0fc9ff187fc132fe327ec8da95c5f7c09f1cdcdbe82f234b71e11d7225d4346ba04e59447206db9f51d335cae81fb6df883e096ad716df14be01ebde07ba520ff006f781353b9b3b5931d4b451ef4ce7a6540afd84b8b086ed76c91ab7e1587ae7c2cd13c451b25d58c132b0c10c80e6bc3c4f0fd0a9ac559fcbf267b5473e9dad555fef5f8ab1f947e28ff00828ffc2df8b16d24327c6ad2ade655063b2f887e048ee264ee63fb5c001c7b95cd58f83ff1a3e1adc6a92337897f663b8dc372cbfdafa9d8e47fd732303e8315f7f78fff00e09c7f09be23b3b6abe0dd06ed9f39325a213f9e2bcd6fff00e0885f00351b8f31fc07a286ff00662c63f2af06a707cbdafb4534fd537fa9ead2e23a0a97b3b35e8d2fc923ceac7e3efc2dd3347816e3c51fb382231cfc96b79a9a8382770dc73d3b9c7d691ff6f5f865e0db9dba6fc4cb3bd6299167e08f04476cc79dbb5659b7f7f4e7bd7ae787bfe08e5f033c3b32343e09d1d8a74f322df8fcebd73c0bfb1f7807e1ca2ae91e1bd1ec767430da229fcf15ea53c86aadda5e89afd7f43cea99961b7f7a5ead3ffdb5fe67cdde11fda4fc59f126f7cbf05fc37d524c80535df11dcbcd203d9879c3e523d110af3c74e7d37c03fb266b1e37d7935ef885ac4daf6a4a77470b122d6dbd917d3f4f615f4269be16b2d24010c11a01d80ad003038e2bd6a195d386b2d5f9ff0096c79d57327b5256febbbd4cdf0f7866d7c3b68b0c11a2ed181818c569679a28af523149591e64a4e4eec28a28aa2428a28a0028a28a0028a28a0028a28a0028a28a0028a28a0028a28a0028a28a0028a28a0028a28a002be5efdbebe2ccd79e16d73c2f65228b5b5b167bec1e6594aee48cff00b23e527d491e95f50919afcf0fdb27c493c3a678ea485a46bd5bbb9678d406660b23617db8503f0af8be38cc2a61b02a34ddb99d9fa753e8f867091ad8ae697d9d7e6783fc2eb9bad57c5ba3e9771b6087fb48c8ac7ee84dad20cf4f94ed23dabe81f167c7af08f87a46b5d4355b1f3d2200b8901db8eb9fe55e6bf083c25e19f1a7862c2f354f0f697e2082e0c598eea79a1719073e5bc6ebb5f04fdee0fb57652fecc9fb3cf88af76cde0186cef31b5a3b8bdbf80e79e84cdb5bf026bf9ff31ace0fda45e8fc9b3f4d528b9f2ca2dfa5bf5664ea5fb54781cdd490c9a85bc851541e46d2a71df3deb275bf89be1bf88b61ab58e9f7d633c9a859c90200f9c12b81dfd6b7b51fd87ff67c8892de07b467feeb6b77e09c73ff003dfa561eb5fb317c39f0ca20f0bfc21d36eaf036e8a59357d404318fef9227cfe039af370f8c7395a32bfc9ff91d4e9c22afc92f9dbfccf1fd03c75ff0aeff00676d35762fda16c5a38622376f739e71d38c93f857d73ff04eef8f97de0ff15e95e1bd4373693e26810a3636a5bdd6df9481d06fc6d20753b4fad7c7ff00b41786dbc376ad34b6f6f64d6319b7b7b0b62cd6f6c878c216258f7c6e24f3c935ef1f033c4115b5b7806186155d41aeec418dc00c1c3a74cf7c8afb5c8731785c753a949eb749fccf3f36c1c6be12509ad1a6fd0fd37a2917a51fc7f857f489f8a8b451450018cd1451400119a31451400518a28a0028a28a0028a28a002bcc7f6b2f8dd37c10f858f75a7f96daf6ad30b0d2d641b956560499597bac6819c8ee401debd3abe37ff828feb2d71f1bbc13a5c9bbcb8f47bfbb886700b992056fc76afeb5e1f1163a784cbea56a7bdacbe67ab92e12389c64294f6bebf23e42f17f8ba6d1be382c57d3dc5d4bac58a196eee09796e262eec59d8ff7be6e4f4c015adfb22783765d6bcd27ee520d4a64f3001f74be7193f9fd2bce7c61ab378e3e31eb56259a192d56189369c384080ee5ff00695be61d8f23bd7bcfc1cd07c070f82bfb33c6177af69b7b7971f686d574fbff002adef8b803e6014f964607078f7afe73ad53da395452bc9ef7beff0089fb3d45ec69a8b4edd97f48f607f10e83e15d2511f54866661cb865dd81d3e9d3ad7357df19bc2b185864d56dedd77ef6666e719e83b7383cd5ff00f8624f85d7b64ed0eb3e28bf8db9dc9ad249b73d8109589e25fd897e115b2e2e6c75d902aeef31b59906ee318c0033f80af26a63b1109da4e3f8ff0091cd4a542a7c3197dc97ea2786bc75e1ad47c7f0df68f750ca93412c6e217cf60413f5c7e95d37817f6826f841f19adefe2b2825d36483cbd5b627ef844ccb865c775dbbb18e718e339af21d27e137827e0cea57179e19d1eeace45508f7771a94f3b10dea8c70c71db19f4ad9f841a65d6b57bab6a174cc97d78b1a45093b8c69b8f247ab1c1c761815f4593e655a972d7a7a4e2ee8cb30c1529c65097c2d5b53f49f4fbf8755b086eada449edee235962910e55d5864107d083535794fec61accfaa7c04d36dee5fcc9b479ee34eddd8ac52b2a63d82ed1f857ab018afe93c1e2157a10acbed24cfc631347d955952ecec145145749805145140051451400514514005145140051451400514514005145140051451400514514005145140051451400514514005145140051451400514507a5001d2bf3dff006d6f09dc7863e27f892decf7dc5b6b172d7a9181cab38064507fdfcb63fda35fa119e2be1dfdbaecedbc55f127c4da55bc927db6d61825c01f32b3440e14f6c8efea6be238f70fed72ed374f43e9b856b726335d9a3e5bfd9c3c7d27c34d75bc27a9472db5a5c499d3e4ba53b76e7fd533740e3b7a8c77afa63458e1bdd3ae0c922aaa3ec48c9249c9f43c11f4cd7ce7a16913e876b1cb76b2f9108d8de6461d598752e9cf43fe35a1e14f8932f83a3686cb589a68e393289e7adcac60f6d8f860393fc75fcc18ca98dc3d57ecf6ecff00467ec11a742b2e67b9ef9a3f86ed2eb528965f2e1666dc06ddb81d4f20719feb5d4eafe0e58ac9a45ba3e4b4651953e55c1cf279ce7ea6bc3346fda46017ff0030999cb1c15d2cab1efd4cf8f5f6aef87c75b39f4f57bc9e28d98602dc3aa6e1fecc4a493f8b1af3abe639872f2f2a8dfe7f919cb0b1f68bd9edd6ff00f04f22f8ddf0ad2f646d52e987d92de4c843c2c857a003b8f5354ff662b9b8f10fc57d1ef16393cbd2af127191c3c8a72a3fefa3b881e9ef5d0f8dcdd7c52be9952de65b1b66c19e7050498ed1af1dbbf18aab69e38b3f81f656ba946b6f1cc6ee18acaddba4b299149e7be17249afaee0ca35215e15310faa7a98e73562e8ba74f5763f5290ee41f4a774a8ed64f3e08e41fc6a0d48062bfade3f0a67e08f4760a28a2a84145145001451450014514500145145001451450015f0ff00fc15b82e8be28f03f88d558bf87d6669c20258dbcbf2be07b1553f81afb82be0ff00f82827c5bb0f1b7ed0ba8780da3856e3c3da3da5cb3b1cb4fe7bc85948feeaaac7ff007d9af99e2ee4796ce137bdbef3dee1b53faf4650e977f23e3ed67419356f8b36bafe9dbee265c191471e7c7ebeb91cf5f5f6af494b6b7893ccb1bbfb2bc9c6c6c1df9f55fd33c56241f0f2e3c2d776f79a5ee934b8df960c58da93eb8c9d83a640257b83d6aeea6342f16788a1bb9ddf47ba75004a8a1ade6edf741c06cf52a7ea2bf94734a78ec25773a2af13f7ac1d4c36229284f468af75f0f2fadb539350d3345d1df5262a249ad2ea5b29180cf508464f4aee3c3ba2f896fad941b4be2d2a852b3dd4b30cf00fde6231fe15e7baf8f167857c471c5a4ae87a95ab608946a1f6727f0751c9fa9afa4be0d8f136b7a44336a71d8e9fbc0057ed0b29e38c8d80e73f5ae78e7559a5cf49ea4e27070a5172534cc2d53e1acfe1ed223b9d49a156846ff291b3b1cfe9f90aadf0851b47b0d6b5cb8df1b48ff2452b6d0b1af4fc4f245767f18e1f26c0319a19aeb70c73b71e981fd4d721e07d0af35abf8fed8dfe8fe6e1a11f76520e473f5efd2be8b87658ac662358d96cbfcdb3c5c7ca11c3f337ab3eccfd91bc273784fe04e90b751b4777a8993509d4f50d3397c1fa2903f0af4caa1e17b3fecef0ed8c27ef470229fa85157ebfac3054552c3c29ae891f85e2aa3a95a537d5b0a28a2ba8e70a28a2800a28a2800a28a2800a28a2800a28a2800a28a2800a28a2800a28a2800a28a2800a28a2800a28a2800a28a2800a28a2800a28a2800a28a2800afcddff0082a078af59f817fb53a6bf600c96face9b04ad1c99314db0344ebec40543ff000215fa45dabe4dff00829cfc1ab3f8a5a3e96b71b62b8313adaced9db148a7bfb10f823fa815f1dc7585a95f299fb176945a6be47d1f0ad6853cc23ed7e169a67cb7f0afe2568be34d3161b7bab5f3d1bed06cc9024556c904027254138dc3ba9156ecfe1b785fc4f7f7525e69ab34f24bbbcb6420f07072c307f5e98af9535fd1357f849ae3e97ab59de5a4967334d65736d284b8b473c79b03e30c847de4605587500e08ed3c03fb5f788b4890db6a9a7af8b215f9d2e74d9121bc4c631bede4656dc0673b19d7d2bf9b7fb4232972d58fbcb747ebb2cbe71f7a8cb47b1ef5a47ecd3e1d9345915adeefcd5395df31507b83d791dbea2b7bc35f08a1d0350dd6f676d19521d2427cd94e3b0f41f8d789dd7fc148b4cb4b9f25fc2be3b5955b7bab7876e0b292738cedda474ef8af4ef067ed3efe25d156f9f497f0ddb3804dc6bf72b0ca148c7c96b1e666efc1503dc52c46329d18a9ca94be6adf8bb197d5b1126d392fbffc8ebbe23fc46d2fe1f786a492f17ceb866f2e3b785434d72f8e028e800e72c7803249c0af8c345f1eddfed67fb626976ed7b343a158dd470595b4247951aa9ccd203819c80dcf7e3e95ebbf17be27a7c60d4e5f0df85ecefafafafa3103df346166b843c322a0e2087d79cb0fbcd8e2bb1fd953f6518fe17f89f4bd3e4584f88758b88e29648be6f2d59bee21f403927be3d0577f0ee22a6371518c2368dd7e7b0f150a783c34a737ef34edfe67eab5a60db4657a6d18c54b51dac3f66b68e3ed1a85e7daa4afeb3a6ad1499f82cb7d028a28aa2428a28a0028a28a0028a28a0028a28a002834514000afc6bff82d7f88f54f81ff00b7ce9be38d3f7ada4d656b05c328f91da30372bf7398c918e873eb8afd94afceff00f82aafecf76bf193c69ab68fa84614ea36f1dd58ce57ee3040bf96e439fc2be338ea8ba9963b74699f5bc1788851cc94aa6cd34fd19e47f097e34691e3dd3b669778bf68b78d669ed5fe560b20dcb22ff7a36e70c3bf07915d35df8434dd7ac9ae8a359cd33624780edf308e859482adc7f781af9afe00f87ef7e07a47e19f1dabe9b1d9cd22687e28b44127f6731eb04a3fe5a42dde36e40e54f71e99e0cf8e3f669aea3f17d8eab67a55982c9af6896b26a5a65ca8e8c4c619a2c81c87031eb5fcf15330e6a8e12dd6ff00f0db9fadd7cb791f351775d0d693e06d8a4b32b6ab2b34b20da658d43264e7e5285718fcabd0fc1b6d79e1ad320d362d4bcc48d42995e16f34e4f52dbc807d302bc7b4dfdaefe11f8c7c46da759fc48f0ddc4a0edfdecfe5303f43ce7d8d7b4f81351f0df89750b3b0d37c49a7eb571703090e941ef6527e9183f99c0ad2a56a34acabc526fbad7eeb1c738d7b36af62edea45716d234d7735db390ccb28caa9040e1318edd715c2fc76f8ff006fe03d1a4f0ee977827f10eb645a5b797926dda53e5e0919c3924edf4c66ba2fda43c416bf0334ab8b9d52f1adee163c5a68f0b2b5e5fc9dbce71910c43838077374e3a1f2eff827afece3ab7c55f8f7a578cbc64b22c7fda292d9d83e412d90cae41e8a074079ee6bd4c9f1d2c4e26185c1ad5b577d95c8a9848430d2c66265eea5a79bff0023f5dfc21a7c9a578534cb594b3496f6b144e49c9255003fcab4a9146052d7f4fd38f2c544fc2252e6939051451564851451400514514005145140051451400514514005145140051451400514514005145140051451400514514005145140051451400514514005145140075ae2fe3b7c358be28f80ae34f2cb1dd4644d6d211c2c83b1f63d0fff005abb4aa7ada96b3622b9f154635694a9cd5d346d879b8558ca3bdcfce9f17786345f12eaf75e1ff126916f3dde97318a782e17f7c87b10719c11821870474af2ff001a7ec05e1ff16c9ff127bcbad366932577289936923ae707007bd7d7dfb5c78534e67b5d5ae2dd63bcf352d0dc20db26c24e1770e783fccfad797db68b368b6b27fa5199b69312cb11c85f4cae73f90ed5fcebc5190430d8a749ae65baef63f5ccaf32a8e9294256fc8f93752ff8257dddfdf2e7c651ac0d8f94452211f41bb15defc32fd81b49f03fcb75ad6a17de59f9914797e60ff7b923f0af6db4bcb98ae5bce681508fdda3c8dfd5781d460d5a9e49e60bbd942c633fba84b93e992db57f5af97581a6d28ca17b77d8f5a598e23f98cbf087c3af0efc2cd11bfb32ce1b26fbcf23bee9246e7ef31e481dabe8ff00d903e062c73c5e34d523ff004a9a33fd9d0b75891860cac3fbcc3803b293ebc7ca1f127c57a7c162d68d732497d3c8b1a0de19a35c8dcc02e00e33d39e7ad7e8c7c3ab1fb0f84ec57fe98263fef915faa787d9551a959d797d8d976f33e278a31752145413f8b766f638a33b451457ecc7e7a1451450014514500145145001451450014514500141e451450006bc57f6bdf850bf133c351dd5ac6adab6959312e706e233f7a3cfaf191ee31debda89e2b89f1d6f16ec39cf35c198e1e188a2e8d4d99df975470acaa47747c07e2ef005978aed9a39ede47b88b72be5036e201186520861ea187eb5e2d73fb3af8afe126a377a87c3dd66eb45b9ba5c48b633bc3b092325a36255be8081c7415f466b22e1ff00688d6f4cfb418a1b8b8f3033282b1e620df9120e7dcd6dde7836e2c0c8de42de49f7b7c5f3823b9c70457f3c67d917b1c53835cd6eab7ff33f59cbf349fb14d3d1f4e87e7c9fd9abe2d4ff0011d3c4b763e1c6a5a9f9824377ab783619a677cff1b2230639ee783f8d7d0de00f14fc74797ec7378834bb1d2d4f9462d0f424d3a3907427a21519e391f81af5fbbb698cfe5c96f79f7090cf0b6d1db19a96c74bbc8d582c52aaab02494da07be4ff004af26b61e55e3ecea2765db43d2fed0bbe6718b7e691c1cbf09e0bab98ef35146d4b51386965b9612f978ebb46001c9f4cfbd7d59fb0efc18ba8af3fe123bc8cc76b6eac96a31812b9e0b0ff006546467d4fb1ae0be07f80ed7c5ff16b47d2f5265ba4bb9249ee22572b98e342dcfb16da3df26bed7d3f4f8349b28adad618edede15091c71a855451d0002bf4ef0f786a8d38fd660928c5e89757e67c4f16e7d565fecf7bb6b5f25e44d4639cd1457ebc7e76145145001451450014514500145145001451450014514500145145001451450014514500145146726800a28a2800a28a2800a28a2800a28a2800a28a2800a28a2800cf34d96312c655ba1a7507a5007cf7fb696916ba17805350becfd8ed6fade491f938fde003a7b915f3ff008b3c5d1adb6eb4585a603f76721b39e73c76e715f7578ffe1fe91f143c2977a26b96697da6df2ed9626257383904118208201047a578cdcffc1347e17dd1cb5b788ba9236eb570319ff8157e77c4dc278ac7e2556c3c9256b6b7ff0023ebb29cfa850a3c9593bf91f1eeadf156eaddbe6b9fbaa04aeb8c97dc5b001c0e07f315cd5c7c40bad7359b8bbfed23343146a230fc2b0ce0e40f4e49cd7dc2ff00f04c0f847344cb2697ac4ab27de0fac5c9ddff008fd57b5ff82517c0fb66663e17bc99a4187326af764b8f43fbcaf9d5e1ee60f79c7f1ff23d6ff5ab0697c32fb97f99f9efac789acb50f15e8f6ed3fda269264123061b4e5c7031d7a67d3b57ec568107d9b45b58ff00bb128fd0578ffc3eff0082767c19f85fe24b3d5b47f0369b0ea5a7b6eb69a6966b8309ec4091d8647638e2bdac71d2bed384f86eae5519fb6929393e87cfe7f9cd2c7722a49a51ee2d14515f647cd85145140051451400514514005145140051451400507914514009595e28d15751b362abba4c7e55ad41a99454959954e6e32e647e7ffc6dd1bfe115fda96657ca4935b24ebea49574e2ac5d78a1ad6e33e7c8ade5e1703a0ea7dbf1e2be9cfda0ff00646d27e3d5edb6a1fda175a26b16aa635ba8235903a75dacadd79f422bcb6e7fe09b3a95c23aafc416556ebff127524fd7f7b5f95e7dc2f9956c6cab508a717b6a91f7596e79838508c2abb35e47896a7e3691eda58d26b895549661d37107a0278c7e35cb6b7e3cbb6dbb9597cb2486cee5e393fa57d10dff0004b5babc03ed1f12f5265019711e93128e78e9b8f2077a92cffe093fa7243e55c7c41f134d0e30552dade3e3ebb4d78b2e0bce27a72a5f33d28f1265d1fb4fee673bff0004f8d462f17fc79b8bc52cdf62d1e57031c26f923503dbbf07d4d7db59c579a7ecebfb2c7867f66ad3aee2d0fed973757e57ed3797928926940e8b90000bd4e0015e975fa7f0c655532fc0470f5adcd76ddbccf88cef1d0c5e29d5a7f0e890514515f4279014514500145145001451450014514500145145001451450014514500145145001451450014d58951d982aee6fbc40e4d3a8a0028a28a0028a28a0028a28a0028a28a0028a28a0028a28a0028a28a0028a28a0028a28a0028068a2800a28a2800a28a2800a28a2800a28a2800a28a2800a28a2800a28a2800a28a2800a28a2800a339a28a00290714b45001451450014514500145145001451450014514500145145001451450014514500145145007ffd9, 'true');

-- --------------------------------------------------------

--
-- Table structure for table `tbl_item_bill`
--

CREATE TABLE `tbl_item_bill` (
  `BI_ID` int(11) NOT NULL,
  `Bill_ID` int(11) NOT NULL,
  `Item_ID` int(11) NOT NULL,
  `Item_Quantity` varchar(255) NOT NULL,
  `BI_Amount` varchar(255) NOT NULL,
  `BI_IsAct` varchar(255) NOT NULL
) ENGINE=InnoDB DEFAULT CHARSET=latin1;

--
-- Dumping data for table `tbl_item_bill`
--

INSERT INTO `tbl_item_bill` (`BI_ID`, `Bill_ID`, `Item_ID`, `Item_Quantity`, `BI_Amount`, `BI_IsAct`) VALUES
(7, 20, 8, '1', '300.0', 'true'),
(8, 20, 9, '1', '200.0', 'true'),
(9, 21, 8, '5', '1500.0', 'true'),
(10, 21, 9, '1', '200.0', 'true'),
(11, 21, 10, '1', '250.0', 'true'),
(12, 22, 8, '1', '300.0', 'true'),
(13, 22, 9, '1', '200.0', 'true'),
(14, 23, 10, '1', '250.0', 'true'),
(15, 23, 8, '1', '300.0', 'true'),
(16, 24, 8, '1', '300.0', 'true');

-- --------------------------------------------------------

--
-- Table structure for table `tbl_item_detail`
--

CREATE TABLE `tbl_item_detail` (
  `Item_ID` int(11) NOT NULL,
  `IT_ID` int(11) NOT NULL,
  `Item_Name` varchar(255) NOT NULL,
  `Item_Quantity` varchar(255) NOT NULL,
  `Item_Rate` varchar(255) NOT NULL,
  `Item_Description` varchar(255) NOT NULL,
  `Item_IsAct` varchar(255) NOT NULL
) ENGINE=InnoDB DEFAULT CHARSET=latin1;

--
-- Dumping data for table `tbl_item_detail`
--

INSERT INTO `tbl_item_detail` (`Item_ID`, `IT_ID`, `Item_Name`, `Item_Quantity`, `Item_Rate`, `Item_Description`, `Item_IsAct`) VALUES
(7, 3, 'BRASS NUTS', '1', '200', 'THIS IS BRASS NUTS', 'true'),
(8, 2, 'BRASS CONNECTOR', '1', '300', 'THIS IS BRASS ELCT', 'true'),
(9, 3, 'BRASS NUTS2', '1', '200', 'THIS IS BRASS NUTS2', 'true'),
(10, 2, 'BRASS CONNECTOR2', '1', '250', 'THIS IS BRASS ELCT2', 'true');

-- --------------------------------------------------------

--
-- Table structure for table `tbl_item_image`
--

CREATE TABLE `tbl_item_image` (
  `Item_Img_ID` int(11) NOT NULL,
  `Img_ID` int(11) NOT NULL,
  `IT_ID` int(11) NOT NULL,
  `Item_ID` int(11) NOT NULL,
  `Item_Img_Data` blob NOT NULL,
  `Item_Img_IsAct` varchar(255) NOT NULL
) ENGINE=InnoDB DEFAULT CHARSET=latin1;

--
-- Dumping data for table `tbl_item_image`
--

INSERT INTO `tbl_item_image` (`Item_Img_ID`, `Img_ID`, `IT_ID`, `Item_ID`, `Item_Img_Data`, `Item_Img_IsAct`) VALUES
(11, 5, 2, 8, 0xffd8ffe000104a46494600010101006000600000ffdb0043000201010201010202020202020202030503030303030604040305070607070706070708090b0908080a0807070a0d0a0a0b0c0c0c0c07090e0f0d0c0e0b0c0c0cffdb004301020202030303060303060c0807080c0c0c0c0c0c0c0c0c0c0c0c0c0c0c0c0c0c0c0c0c0c0c0c0c0c0c0c0c0c0c0c0c0c0c0c0c0c0c0c0c0c0c0c0c0c0c0c0c0cffc000110800cb01f703012200021101031101ffc4001f0000010501010101010100000000000000000102030405060708090a0bffc400b5100002010303020403050504040000017d01020300041105122131410613516107227114328191a1082342b1c11552d1f02433627282090a161718191a25262728292a3435363738393a434445464748494a535455565758595a636465666768696a737475767778797a838485868788898a92939495969798999aa2a3a4a5a6a7a8a9aab2b3b4b5b6b7b8b9bac2c3c4c5c6c7c8c9cad2d3d4d5d6d7d8d9dae1e2e3e4e5e6e7e8e9eaf1f2f3f4f5f6f7f8f9faffc4001f0100030101010101010101010000000000000102030405060708090a0bffc400b51100020102040403040705040400010277000102031104052131061241510761711322328108144291a1b1c109233352f0156272d10a162434e125f11718191a262728292a35363738393a434445464748494a535455565758595a636465666768696a737475767778797a82838485868788898a92939495969798999aa2a3a4a5a6a7a8a9aab2b3b4b5b6b7b8b9bac2c3c4c5c6c7c8c9cad2d3d4d5d6d7d8d9dae2e3e4e5e6e7e8e9eaf2f3f4f5f6f7f8f9faffda000c03010002110311003f00fdfca28a2800a28a2800a28a2800a28a2800a28a2800a28a2800a28a2800a28a2800a28a2800a28a2800a28a2800a28a2800a28a2800a28a2800a28a2800a28a2800a28a2800a28a2800a28a2800a28a2800a28a2800a28a2800a28a2800a28a2800a28a2800a28a2800a28a2800a28a2800a28a2800a28a2800a28a2800a28a2800a28a2800a28a2800a28a2800a28a2800a28a2800a28a2800a28a2800a28a2800a28a2800a28a2800a28a2800a28a2800a28a2800a28a2800a28a2800a28a2800a28a2800a28a2800a28a2800a28a2800a28a2800a28a2800a28a2800a28a2800a28a2800a28a2800a28a2800a29a5ea86ade2dd2f405dd7da958d9a8e499e758c0fcc8a4e496e546327b23468ae035efda9fe1cf86d996ebc67e1f0ea32563bb599b1f44c9ae4b56ff0082817c35d3c916fa86a5a99e98b4d3666cfe2caa3f5ac278aa31f8a697cd1d14f03889fc307f733db28af9bf58ff00829278762dc34ff0df892f4a8c83288adc1edddc9fd2b7be0f7edd1a1fc48d7adf49d534bbdf0ddfde4822b63348b35bccc7a2f98b8dac7b0206491cd610cd30929fb38d457ed73a6593e3630f692a6ec7b951403c515de7981451450014514500145145001451450014514500145145001451450014514500145145001451450014514500145145001451450014514500145145001451450014514500145145001451450014514500145145001451450014514500145145001451450014514500145145001debe69fdacbe22f8a60f1f5c5a787f5ebed2ec749b48d6e60b6daad2c8f96ddbb05b852a300d7d2b9af8fbc7de226d5fe267892e97e65b8d4248d7bee58ff00763f45ae1cc6129d174e32e56faa3d6c9b956239e6ae974678cf88fe206b7e20b875d43c43e20bc5e7709b509769ef8c6718ae667d1b4f66f3268239a4c12cd20df9c76c9ef5d87c43f0cb68f334b6ebe65b9e0b73f2679c67fad726b2b3baaaa70cdc81860bef5f8be2ab62a9d4746ac9dd79b3f5cc3d3a13829d38ab7a227b1b5b5b33b638579c6d2171935385de818c7e56385c30c03cf5ed5565bb7446fba1972b91d01ec3a7f2aaf2de5c5f2ed5dbf27f104e1bdc7bfd7d6b86a549cba9d51a68d643e515dcca3f840519fad4eba824d6ef1fcaecc3fe04b8fd411dab9ebcfed0ba2b1c49328c91b82f4e718ce2b25ae63d2c16bad4acec577f0f717489d3db39cf1d2af0f1a89a95f5439417c28fbfbf63ff00da05fe25f867fb0f5ab856f116931805cf5be80602cbfef0e8c3d707bf1ed40e6bf2efc17f19ac7e1eeaf63e20b3f13591d434c612402d849307eb9560abc860483ec6bf4b3e1ef8b63f1f781346d7228da18f57b286f15181050488180e79ef5fb270fe652c5e1ff78bde8e8fcfccfc9789329583afcd0f865f81b1451457ba7ce051451400514514005145140051451400514514005145140051451400514514005145140051451400514514005145140051451400514514005145140051451400514514005145140051451400514514005145140051451400514526efad002d14504e2800a28145001451450055d67515d2347baba93ee5ac2f29fa2827fa57c6961099b4786e7fe5add6656c8ea5f93cfd6bea2fda13549347f82fe229a3590b1b4311da32555c8463f80627f0af9b2d1edfecec24f315624091a81dba66b96bcb53daca61a39799cf6b5696b1e9376ba8ab0b78a16b83b5b691b467a9febc735f297c45fdaa6d3c1f7f74b1e99a6e6309e5c6f3b375ce780c376073c7e95eff00fb5178a23f0cfc1dd72ea427cc920fb329070df3e063f2cf35f97de3df8ba35775b792dd639edd8b99e54793dcb640190074feb5f98f1755c3d3acaff158fd53857093ad49b6b4b9ee1adfedfd7d6b712c36eba35b8c296f2ed7e68b3cff001673d3afe15cff00897f6bcf196a21a78f57681580dab02eec03d3a633c11db22be4ed4be2d5c5abc8d1ea5a5ec663fbef2c478604f23dce07249ac5d5ff00686371aa40b717b26f4dca5a09f7633c31ddc0007b7ad7c3fb6c4557649fc8fd029e44fec44fab5be3a78b7c43756eda86af7d768c9b9d5c98d42f4e3073f779cfb1aea3c387fb76e235586e3509366e77967030bd33cf5c9ef5f1ff0087fe2edb6a7a8c621bab8b8765fdd2197ccc9c676939ebcfeb5f417c18f886bac5bac10dacc7692b216916320003273c924e474ce7eb5d581cc674a5cb5aff00333c5653382d11f4e781b49f216dec2de281a5d4258e1558d599b7c842000f4e7757ec87867458fc37e1bd3f4e840586c2de3b6418e8a8a147e82bf297f61df05378c3f688f87b682d6e21812f45e4b1346cc9b6046987278c6531cf7c57eb457ecbc3569613da7767e17c7151ac5c69765f98514515f427c485145140051451400514514005145140051451400514514005145140051451400514514005145140051451400514514005145140051451400514514005145140051451400514521a005a28a2800a28cf3466800a28a2800a28ae3be3a7c6dd17f67ff8777be24d7247fb3db0db1431e3cdba94e76c680903271dce00049e054cea46117296891a53a72a925082bb7b1d8668de31d6bf27fe35ff00c15dfc71f10f52946937175e19d3324476fa6ec69b19c026561b99b1d76ed1ed5e20ff00b5778a35dd42eaeb50f1178b2e9436d6f37549b2ca7a8237e076ed8fd2be6eb7145084b961072f33ec30bc1389a91bd4a918bedb9fb9e1f34bdebf1cfc19fb48f8d223f6cd0fc6de282a5008e03a9ce88add001b895c0f7eb5f417c34ff828ef8f3e177836c3fe126c78baf1a4c4f1f928b2c499ebe64781d39c904f5ad28f136164ed34e24e2382b19057a5252fc0fd0aa2bc97f67afdb2bc1ffb4305b4b1bafecfd7426f934cbb2126207529da45f71cfa815eb5d2bdea55a1563cf4ddd1f2788c355a1374eb45c5ae8c28a28ad0c4e2fe3efc42d17e1dfc2cd6aeb59beb0b559aca78ade1b9996337b2f96c562404e599ba00326be47f0aeab751e9917db936cd222161d73c7f9fcabd4bf6f06b5d7bc63e18d3ae2de1ba6d36192fe30ebbbca919822b0f43f2b73ef5e4b717335b98d7695f427b8f6f5af3f1153de6bb1f4d95e15aa5cfdcf963fe0b0dfb43c7f06fe12f8734d53e65cf8975193e45006638a3249e7a00ce9cd7e3f7c5cf8f973e20d4ee96dd1563c6d461212149fbc31df3ebfd2bebcff82fafc4293c5dfb4ef833c3b6cd2dc7f61685f6c7890fcbbe699fa8edf2c4b9f6af83f5ad267bd915a79218fcce54003a7e1fd6bf34cc70d46a63e55eaebd2de87f50f03f0f5b268568c6f296bf79889aecd72ecaf33306edbbfcf34efb63447e50d823047ad4f17855bcfdb0ee998f1b6352c49f4c0aec3c25f03bc51e2a911b4cf0b78835053fc5169f2c89f9edc55d4c45186b747d5e1f09523ee54928fccc6d0f559ecfc916de743b5839dcfd0fd0718c63b57d8ffb276af6a925acd7d29565206e6e58e3fa7a76af16d37f634f8857f14723f85ffb3a26e035e5dc16e31f46707f4af7bf859fb306b7e1ff0009dc49a878a7c03a25c4853ecf1477d25c346770ddb91149fbbd3e6c6401d2be4f37c6d36e32a4d5d3d76d8e9ccf0782787e45555cfd50ff00824bd9c3e37fda4eeb56b7bb9ae2cf42f0ebaaa336e58e4965441d381f2abe075e4d7e916315f017fc10e3c1da3fc33f0ef8bb4f97c45a4eb7e28d645a5e13688f1ffa244850001f9e24672d8e9e62fb57dfb5fb370d5351cba9b4ef757fbcfe2ee34a8e59bd54fecbb2f441451457bc7ca8514514005145140051451400514514005141e68140051451400514514005145140051413c502800a28cd140051413411cd001451450014514500145068cf14005140a3b500145028a0028a28a00c8f1cf8eb4af86fe18bad635abc86c74fb35cc92b9fc0003a924f000e4d7c95f117fe0a43a86bda9c96fe1786d749b10db52e2e62f3aea51d73b0fc89c76218d4dff0540d7ef2f7c45e19d01a56874c6b792f4a91f24d36768cfaed03ff001f35f24cb11b591b747b72003cf0f8eb8f6cff005af8ecef38ad4eaba145dadbb3f45e19e1dc355c3ac56217337b2e87b4eb3fb4d78b67b8779bc63af48d2fcdb22b811edfa2a05000ad0f0ffed35e24d3654f2fc55adc8d8c1f3ae4c8abee77e47f3af0fd00c926a13b32866751c67902b4e6d3ae23b365dca09070039c39fa7b57cd7f68622f7737f79f5ef2bc35b97d9ab7a23dff00c3bff0513f13785b535b7bafecff00104098cacc9e4cf20f6741b41e3ba9ce6be95f81bfb547863e39a8b6b39a4d3f5a54dd269b7642cc00ea508e1d47aaf23b815f98774d3596a4b21fe2603ee9fbdea3ff00af5d668dadde41796f7d6575269ba9696c2ead6788e19194e73f4f51dfbe6bd4c0f1062293fdebe68f9ee78b9a70a60eb42f4572cbbadbe68fd5ca2b80fd98be307fc2f5f829a2f88d9516e2ea331dc6cfb8654628c47b12323eb5dfd7df53a8aa414e3b33f29ad4654aa3a73dd3b057e7dffc17a35cb9d37c11e0758e4916c62bab87bb5562301951558ffe3c3fe055fa095f13ff00c15bb52f0ef8974ad2744691ae3c416a9239831fba689c708e7f85cb2a9538e3bf079f333c925829dd9ed70cc1cb31a697fc31f95b7f6121b08e6dd1c6bb72a338655f5ff3cd51d3a48fed51c77d6b75a82e4bb08e428fb7ea3f03557e15fc4fb3d6bc6527857c4563a95bc36d72d15b5d5a463cdb719ff55240c46ec64fcf1b700018f4fa3bc25f07b4fbd87fe252ba6f889db2db2dae02c98008e548193c1c0e4f5fad7e511c6d47a5ee7eed532b853b4adbf5dee62f86fc5fa343e1d86e36dbdb431a08e362b968cfa3310067d6b1754f1b6adac493fd875c86d211c0923092707a65bf87ebdab535cf86b2f852e6d9a4d2ee34f4b8c868a457669339c1c0047392477e2ba8d37e026b3e2ad4edf4fbcd3fce81595ed612b8ddd80c704633cf029c6b49eb60746096ace4fc13e13d73c23e25b3d6b46d6aeffb62164b88ae11db746e318f9b3ea3d6bf637f649f8d137c78f819a3eb978a23d5155ad3505030bf688ced723d8f078e99c76afcdf1fb3bea5f0e74b824934d5d3bed04a47b8e54b1fbb9c13c753ebc1e95fa27fb15fc2f87e0f7ecdbe1bd223323cd2c6f7b732c9f7e79a691a5673e99ddc0ec001dabecf852a55f6934f6b6de67e75c75ec1d0a6e2bdebe8fc8f582714d69556a391f150cdf30afb4e66cfcce31bee7e62ff00c1c43a57c6eb1f865a84df06f42f116b1a8f89ece1d39efb4842d368f0a97331c8e54b8200618237123915f907ff0004b2f8abfb427ec4dfb46e9fa2f8f34ff14b7c3ff155c2d9eab6baadc19574f91ce12ee30cc4a32b7dec6372939c9031fd4e6bb6ff006a8e48dd559186083d08af83bfe0a81f06743f0278634fd7747d0b4b9fc41a8dc3ec17107990aa4614b1da08392595411d09ce2bccc74a586a53c46eb76ad77f23e9f2badedea52c335aad13bd93f53e2afdacff0066cf87fe37f8e97de2af1368baa788b50d61208ad1d2fe486dada28d36f94563c373cb6ecf7231deb88d27f66cf02e937f2ac7e0bf08dbc30e30f70925d30c1e09323100f6fa57577df1a63f155bba5d411c775bb6bdbc88310b8eca08c8c64f1efed5c8c9a87db752658a19e29e407748788dfd063a67eb5f836799de0255dd6559af2b9fd059662733a3858e195ecb4f23acb2fec0d167f2f4e92c7478597681a7e9d1428146402085e31cfbfd6b9fd6a7b5d4aea78cf8835b9add70ad19b968c11d38c1efcd662daead6f7322a8b75b7620b3052efd78c0e6b4cfc31f136a102c9a7e91797438de52160a4f3d4918cff857c8d5ce707397eeef2b9e8d386365f13b7abff3316ebc1fa3d9b068609e66662434ae5ff13923f9d6f784f49d3a078f75bc50ef7c091f68c9faf27a835d069df01f5e219afa3b7d36d5802bf6bb88e3fe6ddba671e94db3f07f87747915effc4da4dc35a283e5c4b24f2f39e9b576923ebcd6785c54ead4e5a5465f339ea55a90d2a4fee3dc3e057c46bef847aee95e25d09849aa69ae5a00ec76ba1e1e338fe165c8fcfbe2bf56be077c65d27e3d7c33d37c4da3c9fe8d7c9fbd858fef2d651c3c4e3b329e3df823822bf17fc2bf15bc2be18b2686e6e3589bcc73b65748e05031918cb16e7e9c57d7dff047ef8d70f8b7e35f897c3ba2add43a42e8e352ba86590c8a64f36348a4078018ab30e064e39e95fd01c1b98548c561669d9ede47e3bc6d96c2ac5e2d3d63d7b9fa2028a074a2bf443f2c0a28a2800a28a2800a28a2800a2a1bebe874db396e2e248e18214324923b6d54503249278000e735f0bfed1dff000549bdd52fef34bf022ad8e96b944d5d93ccb8bbc7de68908c46a7b336491ce16b871f9950c1c39eb3f45d59ea65593e2730a9ecf0eb6ddf447dda4e2803bd7e54ea1fb7578c13e1dea5e1dbed62eeeb4d92ee3be9352fb649f6ab788644abb87cdb01daf8e31b1bb1c57d07fb0c7ed81af7fc26d6fe0df17eacdabc17a4c7637970fba58df9daa5fabab741b8939c735e5e0f8970d88aaa92ba6ffab1eee61c138ec2e1de224d34bb76efff0000fb528a0515f447c70514514005145140062909c0a5aa7af5bcd77a25e456ecd1cf242eb1b0382ac54807f3a5276572a2aeec7cdffb457fc1436d3c03e29b8f0ff84ad2df58d42c1ca5f5dcc4fd9add8705142f2ec3bf2003ea7207277fff000541bdff0084cf4cd3ecb41b19213a7c17579e6c8cb24b23122558c8e142918190739078af99fc79e0dbaf86de2fb9b4ba8da396190c7212d92e7d7f1eb5cf7c40d16eb4af0e58f8cad63b8587457f266b878cac1346f20531ef3c161bb701ec7dabf34c571163a35a567649edd91fb3e5fc2395ca8c14d5db5bdf76d1fad7e07f18da78fbc2763ac58b31b5bf884a80f55cf507dc1c8fc2b5b35f33fec23f122eb4e171e0fd5a392de4d86eec448721c705c2b0cab0e43707b9afa62befb2ec62c4e1e3557f4cfca336cbe582c54a84ba6de9d00514515dc79a19a2be21fda87e2678e3c25f1bf58817c49acdad9c12892d22866f2638a265040c2e03639e4f27bd7d05fb227c7cff0085d1e05686fe75935cd2088aeb8da6753f725c7bf438ee0fa8af270f9bd2ab88786b3525dfa9ef63387ebd0c1c71b7528bb6dd2e7ae77ae17e207ed23e0df865aeff00666b1acc70dfe033411c6f2bc60f2376d076e473cd7740d7c7dff0503f86f2e87e36b1f142ab358ea8ab6933affcb29941d99f62a31f515ae698aab87a0ead25768c723c0d0c5e2950af2e54f6b773eb1f0bf8a74ff19e8706a5a5ddc37b657237472c672adfe18e983c8ad015f1bfec45f1d17c13e2eff846f50b80ba6eb8f98371c2c172781f83f03ea07a9afb2334f2dc7c71745545bf544e7595cf01897465aadd3ee828a28af40f2428a2919c2d17b01f29ff00c151fc1727887c19a15e4322dadc5a4eeb15c1518490afcaac7aed27b0ea40af8afc13a85e78c2ce4b4934db8fb769aa64bb8514318a2c9064207217dc57d3bff0506f174d73f1ca48efa58d74bd0f4a8bc88a4076379c59a463ce0e7620e9ff002cc57cd3f0c7e29f80a4f155e8b8bb8f4bb8b8906fbfbb261461f329c385c2800ff1100e7eb5f96f1062a1f5d95b4e9a9fb6f08e12a3cb229a6faab799e8fe13f0d59d8daab48b1f9cfc1f983103e9d7068d4f4c8fed6e91c8164feef076e076cd7597da343aedb453433c3a8470c063497c98ae50a30c70c0303d7ae41e7d2b0f53f06dd6b5332c9796ff00b923cb58ed446b1be303200c9c704027b7d6bcfe7495cf4d539dfde390bbf0ac45de492e63dac7aab7ccc7d3eb597f10f4cd5fc21e11b9bc9a17d3e38e26915a4012e6e368c110c64ee2738cb11b467249e95eaabf0fd6d34a1fdab7f0dbc71c6ab25c3a0b4571bc10c5d76f23d739ac2f893e28d07c6b73e5c3751eba8d17912cd2b1956550436d56cf42402d8e5b68c9c5545c65a3d025cf1f7ad73ebeff00827368771a37ec75e0d92ea1305d6a56f26a12a118c79d2bb8ff00c74afd7ad7b816c572bf09bc530788fe1c687796d6f1da5bdc58c4f1c11aed5806c1f228f41d07d2ba269b78afd570f68d18c61b591f866379e7889ce7bb6ff31b3dcf1c57e5dffc147fe3bd8f833e3b78855b4ffb66a171771dbc0d236d85944483e663c2e1811c57ea048b5f97ff00f0562f859aa7c39f1e6a7ae35ab3689e2620a5e040cb6f3818dae4821790082783d2bc5e25a352a60dfb3dcfa7e0ca9429e3d7b6d9a3e43d6bc457fe2ef114da949a1d9df5e4689fe89688111c0efe60196239f998673c555f137ed2be1df046b76d63ae5aeb56970d06f95e0b4fed0fb2824f531b24e0a8c9ea471593a3cfaf68da45d7f67ebda7e9722c854b4d148b1c8e4753228654f5c360735e3ff1166f115e7896393578cade4d17d9e2bab76fb42ce5bb6e5c9e79e0f35f894abe3f0f539a51ba3fa772ec1e558c4a9ca6a2addeccfa4bc1ff00b4568ff11e5b7b3d37e22f85238777c91dfc3a8a4ccd9daa8bbe1919739f5e3d0f5afa97e1c7c7cf86ff000ff49b1b3b8f1669b35db228ba36d653cf297e3966f263e07405b1d2bf343c0104da2eaba7ac3a65eb6a315c82c1ede444c286cf381cf3fa57d17e12f05f883e23db430697e12d65b50932ad2db59b9327030ccd8c77e727b56d4b3fc454972fb2fcce7cdb85705417b95bddf547de3e24f8c1a1f8eee74bbcb1f2355b3d3258ee63370dbe0ba0872410a7057d893cf515f76681a9aea3a74332aed5911580e9804022bf2e7f654fd9975ef833e21d1f4bf16dd186df5ebc516fa5ec123b38c312c57e54ce707d7233cd7ea368b69e45b22eddbc015fac709caa4a8ca735cb7e87f3df1c53a34eb46953973257d7c8d41107a536e314e863d8b4fafae51763f3ce6664ea16aa3771ce322be7dfdbfbc250eb9f01ff00b49635fb46817f0cc188ff009652911483d71f321ff808afa26ff7313ee2bc2bf6eb8e6b5fd983c56f1ab676db7ddea3fd2a1e7f0eb9ac71293a32bf63d1cbe4e388835dd1f957f1beefc0ff000dbc55717579a0aea9ae5e319e5492e2448220dd37229197383ca91c638cf35e6f7bfb5c585adcc6963e17f0ac0d180b83017e71c72ec73c73f9d2fed63e3dd3ed3c7da9c8b630ea52c4c222e50ca19800385ce3b77af17b9f8937a35136f0d935accca3f73676c01279038519f5e99ef5fcfb9865749ce5529534eedfd9bb3fa0e8e3251a6b9e4fa753d40fed0fe32d7d55f4db5bc5565ceeb1d3fcb45cf6cedfa73ffeaa8351f1cfc44f12dd3c375757116c3b7fd22f962dd8ed827fc3b573fe0ef853f173e2dca9fd87e08f885abadc6046cba65d3c6a7ea405c66bd8be1fff00c12aff00698f1c5ac3ff0016f6f34ff9c902fee60b1001e49259f77b118ae6c3e4b8ba9fc1a32f946c4d7ce30b057ab5a2bd59e51a9dbf88af61ff0049d73478e60ccae8f3bdc15f4c0407d2aa5ce91756ce56e3c4aedc61bec9698201c742cc31ec307a57d85e09ff0082067c76f11ed9359d7bc13e1fddfeb035d4b7526339fe04c67f1af54f0c7fc1b8971a81593c4df172e1581cb2695a32ae7fe05239fcf6d7b387e0fcdea34fd9b5ead23c7c4718e554d5bdaf37a2b9f9bcde03d0669609aff52f12dedd06e116f12157f525515bdfbe79afd4bff837f7e0d687e18d1be21f8ab49b1bdb65be9ad34a12dcde4972d2944695c65cf18f313a5769f0f7fe0dfcf835e13556d5b58f1c788a553922e35158236f5f963453cfd6beb8f819f003c27fb37780a1f0d783b498b47d26195a7f2d1d9da491b019d99892cc700649e8057e8dc33c3f89c155f6d88b6d656d4f82e26e28c363b0df57c3df7eba1d9514515f707c00514514005145140051451401e53fb6bdb5eea1fb32f8aad6c9599af2dd6098ab152b0b3a893a76d85b3ec4d7e53dd85d235e7b568d61f2d4ba46e78201c1fd6bf68f5dd22df5ed1eeacaf10496b751b452a9fe252306bf2e3f6a1f82ff00f08178ff0056b3cee8f4a73b893b4c88798cfd0a907ea2be278bb0b2972d65b2d0fd33c3fc7422e7867bbd7d4f3fb78edeff00c3d7ad716ea55465d4e0ef56e361fa8fe1154fe03f88ee745d56e34290c916a5e0e9a25b690b1dd3d9bfcd6b2fb951fbb6f78f3debcd3e37fc5e6f873f0fdaf6d6f92c353b86296bbfe79e54ce7746ad9555edb88278cd7c63abff00c146afbe1dfc5687c4134706b971a7c0b6cc52e1d24906eddbc3919122fdde8472a3e9f0742555d54e845b68fd7beaf4a74650af2494b65bea7f503fb3f7c518fe2d7c31d3f53f315ae953caba03b48bc13f8f5fc6bb6eb5f919ff0004a7ff0082ac58f8caea3d734d8f52bbf04ea12c565e20b79c29b8f0e5c1e16e182e7319cfcc7a15cb0e54ad7eb8c722cd12b290cac3208e8457eb993e3feb343ded251d1a3f9db893259e5d8b70fb32d62fcbfe00ea281d28af58f9e0a28a2800a64d379499c53cf4a8ee177c26a65b6838efa9f09ffc14b342fec786eb59d2ac3ed1aa4f32431c1b495766cfcc71d800c4fe55f95ff1dff6cbbdf14ea474abed76f2fadf449fcafb2dc5cac7a6dbcb19ed021cbec61c2003711c9ef5fb31ff000514d07593e01d2e6f0ddb2cdad35f1113be3cb882c523967cf18e3a9e95fcfef897f623f177c17f8c57dfdaab79706e2f1da631c66579598963f328ce7b9039c66bf27e248d3a58c9295d697f267f44f01255f2e526d5d3b799ee9fb00fedc5a969ff00b6159787e6bebcb0bed45925d0ae9a6d9bee5003e55c0076e5c0271d81d873915fd107823c4abe30f07e97aa2aed1a85ac771b41ceddca0e33ed9c57f3dffb227fc13ebc39e33f8a96baa6a9aa4da522938b892dd97ca607af4c86071cf5c8afdd2fd8eb4fff008467e05e93a0beaf6dae49a0ab5a0bb81c3acb186250e7fdd207e15eb706e31fb5950b5a2d5f7ea7cef8a984c3b852af4be35a3d3a7afa9ea94500e68afd10fc5cf07fdb77e09ffc26fe0fff008482ca22da868ea4ca107cd341d581f5dbd7e99af923e1b7c56d63e10f8b5753d1e6582ea1ca32c8bba3b84279561dc1c0e98c119eb5fa57756d1ddc0f148a1a39010c08c820d7e7dfed79f012efe15fc4391ac628469b741e7b632ceb0871c7eed4b100b29ed90718233cd7c6f11e0e74e4b194375bdbf33f46e0dcd295583cbb176717b5ff0023d7bc3fff000532b74b241ab785e759fa335add29463ec1803f864d71bf1e7f6ea8be2f784a7d02d747b5b186edd779bb97cd9c80721900002e08fbc49c57cc7e26f1d6b1e00d0126bab39a08d9c3450acab26f933851c12093583addddc7f6f47aa25c48d1bc31b8cae46f23918ff64f1c57cfd4e20c6d487b39bd1efa1f5d478472ea35157a70d56ab576fb8f42d27561ae869f4cb886e7ecaec1bcb621a364e4e0e3b75e3eb5f7c7ec8dfb42db7c6bf0225bdc5d42de21d214457b106f9e41fc3301d70ddfd1b3ed5f973e16f100f847f122dee95443a378966c8232560b91d73d829f4f735fa09ff04f3f85fa568d16afe26d366522fc0b56b72fba4b739decadf8f43dc62bab85b115162b921b7da5f93470f1d60a8fd47dad4dd5b95fe699f4f5140e9457e907e321514e3e5352d359770ace6869d99f097fc1487e1ec7f117e232c3b9a1bdb7b3531862563ba4ce76b63b7dec1ec4d7e7e7c68b7d6bc1d3ad849a5dc69b6d1e51f310c5c67d1fa37e75fb45fb427ecf56bf19b4c8e48e45b3d6b4f04da5d9195e7ac6f8e4a1c0f707915f1bfc57f025cfc2eba5b5f1bf87fcab547cc7732c1f68b099bfbc24c151ff0002c1e7a57e5dc59c3f52ad775e37b3eabf53f71e04e2ca3428470f2b5d747a7dc7e3ef8e2e358f0cf8c24bad3354d5b45da0b91637725b1ddd727611cf154fe1dfed23f16c4179f6cf881e30681033283a94bf363803ef678afd36f147ecd1f07fe2749f6c5d274b12cc8706d6ed97793939e1b1b464e0631d2b953ff04d9f859ab4520b05d62ca13f2c9e5df89149079272b907f1af86fa863a14dd38bbdfccfd8f0fc5995b82f6b4b5f44cf9c7e12f8defbc556d6326b175a96a770b86dda85c4930391d32c491debe91f82de08d5aeb588f51d2ade4fecf91f6cd24e87ca42c7185247cc47b7a738aec7c1ff037e0dfc2fd52cedee2f2d2e2684e4413dc79d25c63f84a824f5ec0649afaabe117c20d53e31df69f74da55c68be19b57575fb445e54974179558e3c6553dc81f4ef5ece43c3d89a9554a726cf86e27e2ec2428ca34a2927dff00447d11f09b481a1780347b35ddb6d6ca28867be100aeba0870b93f8543a7e96b65024638541802ae62bf6da54ed1513f9b3115b9e6e4ba8cf214d73de3ff00861a3fc4df0e5d68fae69f6baa69b7885258678c32b035d2515aca9a6ac631a928bba67e70fed03ff04248a6d4aef54f85fe22fec96998c874ad4c3496e4f60b22fccbed9ce2be72d7bfe09f1fb457c261750ffc2177d7fe6298fed9a1b5ade36dce415ddb5d4e7bf5c122bf6ae8af1f1190e1aabbdade87d0e0f8ab1d87d2fcdea7e25fece9f087e3dfc37f89027bff00877f11a686e4812cb7166f7055c0182e58b12a3183b4027d40ce7f413e1c697e3ed5a4b35b3f01ea76704caa6ea7d5668ecfcb38e708599bafa0e95f58639a2b9e970de1e12e6bb3aebf1962ea4391c57e2cf17f849fb28ff6078dbfe12ef155f45acf890065b7589596d34d4639db12b1249c606e3c9c7415ecb140b17414fa2bdba386a74a3cb05a1f358ac655c44f9eabbb0a28a2ba0e51ac8afd4553d6fc3761e23d22eac6fad61bab3bc8da19e191772488460822af5153ca9ee3526b63c4f41ff82737c0ff000e5fc97507c34f0c4b712bef77bab737458f5ff9685bd6bd23c37f07bc25e0e2ada4785fc3fa5b2f4369a7c3091ff7ca8ae928ace387a51568c52f91b4f155a7f14dbf9b1aa81178e29c0d1474adb630007345145001476a28a0028a28a006bb6d463e82be15d03f6f2f167823e34789a4bf49758d2e4bdf934d964f2cdac1bb03c9e31b8608c1ea7ad7dd527dc6c75afcedfdb47e1ec9f0fbe34dd6a11c3b6defa533e40c0f2e43f37fdf2f93f8d7cff1056ad4a9c6ad176e567d6f0961f0d88ad3a18849f32d3c8fd09d0b5ab7f1268b6ba859c8b35adf4293c2e3a3a30041fc41156ebe7aff00827d7c58ff0084abe1edcf86eea50d7de1f7fdd027ac0e4918ff0075b70f6056be851d2bd6c162a388a31ab1ea8f0332c14b09899e1e7d1fe1d028a28aea384aba83607e15f1cfeddff0abfe1219e5be3225ac37d1a59ddccfc2888383927b614b8cfa1afb26fa3f323af38f8cfe0287c67e17bab59a3f316542318af3730c3aaf49d367b992e31e1ebc6aae87e09ffc17cbf615f885f0cfe327843c71e11d3dfc67f0f6f3c3d6f6a5f4c4172b61711b3b49ba38f9c32b060f820f20f4afcd4f19784358b8bd86e123334772cc13c94f92303f84f03040ec00039afe873e217c17b13ad49617b71369375a7cc733c6ec924a84fca49046464e0e39c77af9c7e377fc13dbc15e23815e291ec6e6e4998429865909ef8007a679fd6bf34c463aae1a7c91a6925a1fbce4f3a5569465566e52ef6b5cf24ff83777e1dc3e12d0bc7fab6bb6f713daf8c122d134db24525af27524938f4f9b6e7dcfa57f43be07d29b40f06e9362cdbdac6d22b72d9ce4a205fe95f915ff0004b8f0f68fe028fe1e69b1d9bc6ababce77cabb190f9d22aa91fdece335faf9a2cacf6e377a57d4f09d475154af2ddbb58fcf3c4c95f1308456895ff0042f514515f687e5a14514500145150df5f45a6d94d713c8b1430219247638545032493ec2876b6a0aedd91f3affc1477e215bfc3ff0083eb1c335bb6b57970059c0c72c576b091c8073b42b119e99602bf327e2369ede39b9512ead7c8648fed2e2140cd1484e3683b979c13eb8cfd6bdfbf685f8abff0b8fe2af883c5b3b5c496723fd9b4f8e41ca5ac676c6a83b6e39723d5cd719f0ebf675f157c6bbf91f41d0ef2ea466e7ca01638fd9e56f947d057e39c415a78fc735422ddb456fccfe85e15a54f2acb13c44945bd5b7d2fd3e479bf81bc17a6d85d59bd84da93fca24b88eee7675f3ba704f3f778c8c57d0ff097e37ebdf067c5b0eada1ea1f2636cfa7b926d2ed7ba30049047661c8fa64575be1bff008258fc40bab206ebfe10fb3c8fb93ddcf33afd76285cfe752eafff0004cbf887a0d916b7b7f0aea253902d2fa6825fc37ae3f334b0b91e69426ab429b4d063b89b25c5c5d0ab5a2d3defb3f99f49fc1cfdbffc1bf13354b4d2750175e1bd62f184714576035bcee7f85255f9739e81b693e95eec0eeafc9ef881f0bbc51f0c751f2756d1f54d36e18e161bb5dd1cdea63957218fb6735ed9fb2dfedf7ab7809ed749f12493eb1a12e23f35fe6bbb11d3af5751e879c0e0f63f6595f124d4bd863d72cbbedf79f019d7065374feb3954b9a3d55eff73fd0fbd8d50f1078634df165835aea76169a85b3758ae225914fe041152e8fabdb788749b7beb39a3b8b3bc8d668658db72c88c32181f422ad6735f61a497747e7779425a68d1e05f15bfe09e3f0cfc7f65388f457d1a6981c4ba65c3dbed3ebb41d991f4af93be35fec9579f047c1b36950cf71abff0065335ce9d71718f3268b3b8c6c475653dfb8fa57e963a79884579c7c75f8671f8fbc21756fe52b4ea84c591df1fd6bc1cd328a5569b708a52ee7d6643c4589a15631a936e37d9b3f9fbff82807edbd27c11d162f0b69f2b4de21ba4176d6ef1a94b6049d8ef9e73bb950b83c73c707ec6ff821b7fc1517c4dfb422d9cde20b7b14bfb09e1f0feb515ada8b786e538f22e5719cc8a080c0f500fa8af1aff828effc12d3c33f1bfe2cc7e2cbad6b58f0aeb10c09677905a58addaceb18c0f959d4ab751b8641f4afa8bfe08f1ff04fa87e197f67dce9ba1ea3a4f84b479bed0973a80db79addd704caf8006d040e9c000019e4d7c6e5b09c6bc63453e7babbb7dff23f5fcff1196cf2897b569ab3b6bd5a3f5281c8a29b1e760cfa53abf5147f390514514c03150ddd8437f0345710c734520dac8ebb9587b83c54d452b27b826d6a8f25f1cfec21f07be235cb4dab7c3cf0ccd3c99dd2c36a2dddb3ea63da4d73d69ff04c9f82b63958fc1fb636fbd11d4eecc6ddf95f3706bdee8ac2583a1277705f71d71c7e262ad1a8fef679ff00c3cfd95be1cfc289564f0f782fc3ba5ccbff002da2b3532ffdf6416fd6bbe5458c60003d38a7515ac69c23a4558c2a559cdde6dbf50a28a2accc28a28a0028a28a0028a28a0028a28a0028a28a0028a28a0028a28a0028a338a3340051451400514514005145140062bc07f6e8f84cbe33f87725f470892e34ecb1e3968cf0df9707f0af7eacdf1568f1eb7a2dc5bcaa1a3990a303dc118ae5c661d56a4e9bea77e5b8b961b111ab1e8cfce0fd953e36c7f08be3468b757170d0c570ed617919380578dd9f70b871ebe59afd2f8a559a3565219586411debf0dffe0a71f07bc65ad7c49f0df86fe19f882c7c313e89e279758d4759b872df676803471c02319326f323e54e170b8279c57d91fb05ff00c15934f97e1959f877e23a4c9ae68728d32f2fac6369a08e45f970ca7f79b41e8c037cb8cf4c9f92c8f33a38593c2d69a576ede56ff33f43e29c87118ea71cc30b06ec95edd53d9fc8fd02a2a1d3b508755b086eade449adee10491c8872aea464107d08a9b35f6e9df547e5cd34ecc08dc2a85fe9827460795fe557e8a9946e38cdc5dd1f3d7ed33fb28c7f12b4e37fa6f950ead6c098cb8f964ff64fd7d6be04f19784752f87be36974bd495e2dec4dbbca39461d509f620e0f715faf37b6e278ba57c57ff000528f824d73a7c3af59a6d6539621780ebc83fa7e95f23c4594c6a5375e0bde47e85c1f9f4e159616a3f75ede4cf9d3e12ebdff087f8eedee121b711bdc8bf84631995083228f76c6efa86afd4ef027882d7c59e13b0d4eca4592d6fa159a361e8467f4e9f857e437862f9bc43a5ff00a3b797347279b1f3cc33a9e9f438fcbeb5f73ffc137fe3a47e21d0ee7c2b773059901bdb2476f9954f1245ff00016e78f535e570ae3552acf0f2da5b7a9ed71e65b2ad8758b8ef1dfd0faaa8a3b515fa29f90851451400579e7ed5f2cf1fece7e30fb3ef32b699328087e6208c11f88c8fc6bd0eaa6b9a35bf88747bab1ba8d65b6bc8da1950f46561822b2ad073a7282ea99b61aa2a75a351f469fdccfc93bd55bdd2ed668e391fc991676847f1818247f4afd31fd97fc61e11f19fc26d36e3c1ed6cba7c7188e4b745db25ac807cc922f50c0e7af5ebc839af8b7f69bfd9935af80be23b9b98ece4bef0fdd49ba0bd8c1dab93f7653d11867a9f95ba820e45707e0ed5f5ff0007deff006af866f353d36fb1969aca5f2d9947f790f120f6208afcc3038da994e2a4abc2e9efdfd51fb3e6997d2cfb050961ea5adaaede8d1faa9da8c57e7de83ff0516f89fe18b654b8fec2d6a34250c97ba7c904848f568d82e7fe034ed4bfe0a71f14b5085e3874af05e9acff00764f2ae2565fc0b806beaa3c61975aedbf4b1f0dfea0e6bcd64a36efcc7db9f15f42f0feb3e08d417c48b623498e267b87ba21638947f164f4c7ad7e58ea7736b378cb5abdd2d99b479ae9d6c8b0f9a58831dac7dc8e7f1ad9f8a5f16fc5ff001beebccf1a7892eb50b38d83a592e2d74f8883c3796b80d8f56dc6b2bc27e02d63e2b78aac7c3de12b39352bcb8942dc3c2a443631e46e776c61703b9fc01af91ce337599d68d3c3436fbd9f7dc3b914b27c3cea62ea2d7ff015fe6cfbe7fe09d3ad5c6b1fb35d9aceeeeb657d73041bbaac61c903e80b1c7b62bddfa5717fb3ff00c2387e07fc2ad2fc3d1cbf6892ce3ccf3631e6c87966fe83d80aed01cd7e9b81a73a7878427ba4ae7e3b9a56a75b1952ad2f85b6d00a6b22b8e573db914ea2bacf3ccdbaf096977f70b34da6d8cb329c877815987e38ad08e158630a8a1557a0518c53a8a9508a7748a95493566c074a28a2a890a28a2800a28a2800a28a2800a28a2800a28a2800a28a2800a28a2800a28a2800a28a2800a28a2800a28a2800a28a28023ba9fecf096d8d263b20c9a7ab6e50696900c5002d145140051477a2800a28a2800e951dd1c40d5254773179b154cb62a3b9f939fb687c3a9bc1df18fc445a36769afe4baf308c9712316ff3f5af9ebc6d743c07e32b1d6a3db6b63e200b637ed18dab0dc0188e53fef0f97ea057e94fedfdf039357866d7a18f2cd188a603a606769fd715f9b1fb517c62f87ff043f666d766f1969f1dfeb7af41345a2da4b2b24b9407f788a0e721803bb9c715f90f1065f2a589b416addd1fd0bc279aac461637e8accfd50ff825ff00c799be29fc0d6d075698b6bde1393ecd2063f3496edcc4e39e4632bff01afa6abf177fe08e1ff0531f0bfc7ff89da5dc78674a93c3fae69305be9be21d3d8616e6d9f1189558121c8750d9c020e41eb5fb421b2b9afd0b87f173ab86f67555a70d1fe87e49c6595c709983952f827aafd7f1168a01cd15ef1f2615c4fc70f87107c49f01ea1a5cca3fd2623b1b1f71fb1fc0e2bb6a8ee6113c457159d5a6a717166d87ad2a5514e3d0fc63f1468d37c1ef8af7fa65d2b5a477cceb2e7eec370adb463d377f8576bf073e29de7c39f889a7eb566d1acd6772ace8783e601f30ebcac8991f5cd7af7fc157be02369eebe29b1876c775813155fb93a728d9edbba7d40af89bc6de2cd47c35fb3847e31d764d3f43bdd4759b0d234b92e18ee9a67b9450703d46e247a026bf28cc30f53078ab437bdd1fbd6558ca598e094a7b35667ee77803c6d63f11fc1ba6eb9a64cb3d8ea502cf13a9ec7a83ee0e41f715b038af977fe0995afead65e09d6fc33aabdbb2e9b3add5998b206c977160076018678fef7bd7d44466bf4ecbf15f58c3c6af75afa9f88e6d81783c5cf0fd9e9e9d028a07145769e685252d14010ded9c3a85bbc33c71cd0c836ba48bb95877041eb5e3fe3dfd857c09e32b992e2d2daf3c3f752725b4d9bcb8c9ff00ae6c0a77ec057b3515cf88c251aeb96b454bd4eac2e3b1186973509b8bf267c95aff00fc131ae278d934ff001c4de593bb6de69c8ff9ec651fa560dbff00c12ab589e60d79e36d3597b95d20b37d46e96bed3a2bc8970c65cddfd99ee478c3368ab7b57f723e65f087fc1313c2b612c726bdad6b1ae98c82235096b17d3083763f1af7af87ff000b7c3ff0ab465b0f0fe9367a5db775823c190fab1eac7dc935d0515e8e172dc2e1bf83048f2f1b9be3317fef151cbcafa7dc277a5ce0d145771e685145140051451400514514005145140051451400514514005145140051451400514514005145140051451400514514005145140051451400514514005145140051451400514514005145140051451401c67c56f04c3e31f0c5e58cd18659e32bd3a7bd7e08ff00c15e7fe09dde3dfda47e26f876cfc312e9b6fabf846de7b4b8b3bdb9fb389a179014911cf0781d2bfa1f785651f32e6b96f137c0ef08f8cefd6eb56f0fe99a85c27dd92784330af1333cae78871a949a528f7d4fabe1fe24fecebc671728bec7e287fc108ffe0951e27fd9a3e3a5f6b7e20686fae3528a005ed3e6b7b5891c3b02dddd980181c6057eead9b6eb65c8c1c74aa5e1ff0007695e14b65874dd3ecec625e8b044107e95a55be5b97cb0d16ea4b9a4f7672710679fda5554d479547641451457a87cf8668a28a00e2fe387c23b1f8c9e01d4b43be856486fa229923946ecc3dc1e6bf2f3f6c3ff00824478d3f6acd07c33e1dd53c3fa9a47e0ebb7b980db4e91db5d4a0e165dc1c1fbbce0f435faef457958fca29629a949b4d7547bd94f10e2301170a6934fa33e7dfd86ff0066cf107c10f0b432789a447d516ce3b2244be63c8a9fc6e471b8f1c0ce31d6be82e94515d783c2430d4952a7b23cdcc31d57195de22b6ec28a28aea38c28a28a0028a28a0028a28a0028a28a0028a28a0028a28a0028a28a0028a28a0028a28a0028a28a0028a28a0028a28a0028a28a0028a28a0028a28a0028a28a0028a28a0028a28a0028a28a0028a28a0028a28a0028a28a0028a28a0028a28a0028a28a0028a28a0028a28a0028a28a0028a28a0028a28a0028a28a0028a28a0028a28a0028a28a0028a28a0028a28a0028a28a0028a28a0028a28a0028a28a0028a28a0028a28a0028a28a0028a28a0028a28a0028a28a0028a28a0028a28a0028a28a0028a28a0028a28a0028a28a0028a28a0028a28a0028a28a0028a28a00ffd9, 'true');

-- --------------------------------------------------------

--
-- Table structure for table `tbl_item_type`
--

CREATE TABLE `tbl_item_type` (
  `IT_ID` int(11) NOT NULL,
  `IT_Name` varchar(255) NOT NULL,
  `IT_Description` varchar(255) NOT NULL,
  `IT_IsAct` varchar(255) NOT NULL
) ENGINE=InnoDB DEFAULT CHARSET=latin1;

--
-- Dumping data for table `tbl_item_type`
--

INSERT INTO `tbl_item_type` (`IT_ID`, `IT_Name`, `IT_Description`, `IT_IsAct`) VALUES
(2, 'BRASS CONNECTOR', 'THIS IS CONNECTOR', 'true'),
(3, 'BRASS NUTS', 'ONLY BRASS', 'true');

-- --------------------------------------------------------

--
-- Table structure for table `tbl_login`
--

CREATE TABLE `tbl_login` (
  `User_ID` int(11) NOT NULL,
  `UserName` varchar(255) NOT NULL,
  `Password` varchar(255) NOT NULL
) ENGINE=InnoDB DEFAULT CHARSET=latin1;

--
-- Dumping data for table `tbl_login`
--

INSERT INTO `tbl_login` (`User_ID`, `UserName`, `Password`) VALUES
(1, 'khushal', 'khushal');

--
-- Indexes for dumped tables
--

--
-- Indexes for table `tbl_bill_master`
--
ALTER TABLE `tbl_bill_master`
  ADD PRIMARY KEY (`Bill_ID`),
  ADD KEY `Cust_ID` (`Cust_ID`);

--
-- Indexes for table `tbl_cart`
--
ALTER TABLE `tbl_cart`
  ADD PRIMARY KEY (`CartItem_ID`),
  ADD KEY `Cust_ID` (`Cust_ID`),
  ADD KEY `Item_ID` (`Item_ID`);

--
-- Indexes for table `tbl_customer`
--
ALTER TABLE `tbl_customer`
  ADD PRIMARY KEY (`Cust_ID`);

--
-- Indexes for table `tbl_designation`
--
ALTER TABLE `tbl_designation`
  ADD PRIMARY KEY (`Des_ID`);

--
-- Indexes for table `tbl_emp_detail`
--
ALTER TABLE `tbl_emp_detail`
  ADD PRIMARY KEY (`Emp_ID`);

--
-- Indexes for table `tbl_emp_join`
--
ALTER TABLE `tbl_emp_join`
  ADD PRIMARY KEY (`EJ_ID`),
  ADD KEY `Des_ID` (`Des_ID`),
  ADD KEY `Emp_ID` (`Emp_ID`);

--
-- Indexes for table `tbl_feedback`
--
ALTER TABLE `tbl_feedback`
  ADD PRIMARY KEY (`FB_ID`),
  ADD KEY `Cust_ID` (`Cust_ID`);

--
-- Indexes for table `tbl_image`
--
ALTER TABLE `tbl_image`
  ADD PRIMARY KEY (`Img_ID`),
  ADD KEY `IT_ID` (`IT_ID`);

--
-- Indexes for table `tbl_item_bill`
--
ALTER TABLE `tbl_item_bill`
  ADD PRIMARY KEY (`BI_ID`),
  ADD KEY `Item_ID` (`Item_ID`),
  ADD KEY `Bill_ID` (`Bill_ID`);

--
-- Indexes for table `tbl_item_detail`
--
ALTER TABLE `tbl_item_detail`
  ADD PRIMARY KEY (`Item_ID`),
  ADD KEY `IT_ID` (`IT_ID`);

--
-- Indexes for table `tbl_item_image`
--
ALTER TABLE `tbl_item_image`
  ADD PRIMARY KEY (`Item_Img_ID`),
  ADD KEY `Item_ID` (`Item_ID`),
  ADD KEY `IT_ID` (`IT_ID`),
  ADD KEY `Img_ID` (`Img_ID`);

--
-- Indexes for table `tbl_item_type`
--
ALTER TABLE `tbl_item_type`
  ADD PRIMARY KEY (`IT_ID`);

--
-- Indexes for table `tbl_login`
--
ALTER TABLE `tbl_login`
  ADD PRIMARY KEY (`User_ID`);

--
-- AUTO_INCREMENT for dumped tables
--

--
-- AUTO_INCREMENT for table `tbl_bill_master`
--
ALTER TABLE `tbl_bill_master`
  MODIFY `Bill_ID` int(11) NOT NULL AUTO_INCREMENT, AUTO_INCREMENT=25;

--
-- AUTO_INCREMENT for table `tbl_cart`
--
ALTER TABLE `tbl_cart`
  MODIFY `CartItem_ID` int(11) NOT NULL AUTO_INCREMENT, AUTO_INCREMENT=3;

--
-- AUTO_INCREMENT for table `tbl_customer`
--
ALTER TABLE `tbl_customer`
  MODIFY `Cust_ID` int(11) NOT NULL AUTO_INCREMENT, AUTO_INCREMENT=5;

--
-- AUTO_INCREMENT for table `tbl_designation`
--
ALTER TABLE `tbl_designation`
  MODIFY `Des_ID` int(11) NOT NULL AUTO_INCREMENT, AUTO_INCREMENT=3;

--
-- AUTO_INCREMENT for table `tbl_emp_detail`
--
ALTER TABLE `tbl_emp_detail`
  MODIFY `Emp_ID` int(11) NOT NULL AUTO_INCREMENT, AUTO_INCREMENT=3;

--
-- AUTO_INCREMENT for table `tbl_emp_join`
--
ALTER TABLE `tbl_emp_join`
  MODIFY `EJ_ID` int(11) NOT NULL AUTO_INCREMENT, AUTO_INCREMENT=2;

--
-- AUTO_INCREMENT for table `tbl_feedback`
--
ALTER TABLE `tbl_feedback`
  MODIFY `FB_ID` int(11) NOT NULL AUTO_INCREMENT;

--
-- AUTO_INCREMENT for table `tbl_image`
--
ALTER TABLE `tbl_image`
  MODIFY `Img_ID` int(11) NOT NULL AUTO_INCREMENT, AUTO_INCREMENT=6;

--
-- AUTO_INCREMENT for table `tbl_item_bill`
--
ALTER TABLE `tbl_item_bill`
  MODIFY `BI_ID` int(11) NOT NULL AUTO_INCREMENT, AUTO_INCREMENT=17;

--
-- AUTO_INCREMENT for table `tbl_item_detail`
--
ALTER TABLE `tbl_item_detail`
  MODIFY `Item_ID` int(11) NOT NULL AUTO_INCREMENT, AUTO_INCREMENT=11;

--
-- AUTO_INCREMENT for table `tbl_item_image`
--
ALTER TABLE `tbl_item_image`
  MODIFY `Item_Img_ID` int(11) NOT NULL AUTO_INCREMENT, AUTO_INCREMENT=12;

--
-- AUTO_INCREMENT for table `tbl_item_type`
--
ALTER TABLE `tbl_item_type`
  MODIFY `IT_ID` int(11) NOT NULL AUTO_INCREMENT, AUTO_INCREMENT=4;

--
-- AUTO_INCREMENT for table `tbl_login`
--
ALTER TABLE `tbl_login`
  MODIFY `User_ID` int(11) NOT NULL AUTO_INCREMENT, AUTO_INCREMENT=2;

--
-- Constraints for dumped tables
--

--
-- Constraints for table `tbl_bill_master`
--
ALTER TABLE `tbl_bill_master`
  ADD CONSTRAINT `tbl_bill_master_ibfk_1` FOREIGN KEY (`Cust_ID`) REFERENCES `tbl_customer` (`Cust_ID`) ON DELETE CASCADE ON UPDATE CASCADE;

--
-- Constraints for table `tbl_cart`
--
ALTER TABLE `tbl_cart`
  ADD CONSTRAINT `tbl_cart_ibfk_1` FOREIGN KEY (`Cust_ID`) REFERENCES `tbl_customer` (`Cust_ID`) ON DELETE CASCADE ON UPDATE CASCADE,
  ADD CONSTRAINT `tbl_cart_ibfk_2` FOREIGN KEY (`Item_ID`) REFERENCES `tbl_item_detail` (`Item_ID`) ON DELETE CASCADE ON UPDATE CASCADE;

--
-- Constraints for table `tbl_emp_join`
--
ALTER TABLE `tbl_emp_join`
  ADD CONSTRAINT `tbl_emp_join_ibfk_1` FOREIGN KEY (`Des_ID`) REFERENCES `tbl_designation` (`Des_ID`) ON DELETE CASCADE ON UPDATE CASCADE,
  ADD CONSTRAINT `tbl_emp_join_ibfk_2` FOREIGN KEY (`Emp_ID`) REFERENCES `tbl_emp_detail` (`Emp_ID`) ON DELETE CASCADE ON UPDATE CASCADE;

--
-- Constraints for table `tbl_feedback`
--
ALTER TABLE `tbl_feedback`
  ADD CONSTRAINT `tbl_feedback_ibfk_1` FOREIGN KEY (`Cust_ID`) REFERENCES `tbl_customer` (`Cust_ID`) ON DELETE CASCADE ON UPDATE CASCADE;

--
-- Constraints for table `tbl_image`
--
ALTER TABLE `tbl_image`
  ADD CONSTRAINT `tbl_image_ibfk_1` FOREIGN KEY (`IT_ID`) REFERENCES `tbl_item_type` (`IT_ID`) ON DELETE CASCADE ON UPDATE CASCADE;

--
-- Constraints for table `tbl_item_bill`
--
ALTER TABLE `tbl_item_bill`
  ADD CONSTRAINT `tbl_item_bill_ibfk_2` FOREIGN KEY (`Item_ID`) REFERENCES `tbl_item_detail` (`Item_ID`) ON DELETE CASCADE ON UPDATE CASCADE,
  ADD CONSTRAINT `tbl_item_bill_ibfk_3` FOREIGN KEY (`Bill_ID`) REFERENCES `tbl_bill_master` (`Bill_ID`) ON DELETE CASCADE ON UPDATE CASCADE;

--
-- Constraints for table `tbl_item_detail`
--
ALTER TABLE `tbl_item_detail`
  ADD CONSTRAINT `tbl_item_detail_ibfk_1` FOREIGN KEY (`IT_ID`) REFERENCES `tbl_item_type` (`IT_ID`) ON DELETE CASCADE ON UPDATE CASCADE;

--
-- Constraints for table `tbl_item_image`
--
ALTER TABLE `tbl_item_image`
  ADD CONSTRAINT `tbl_item_image_ibfk_1` FOREIGN KEY (`Item_ID`) REFERENCES `tbl_item_detail` (`Item_ID`) ON DELETE CASCADE ON UPDATE CASCADE,
  ADD CONSTRAINT `tbl_item_image_ibfk_2` FOREIGN KEY (`IT_ID`) REFERENCES `tbl_item_type` (`IT_ID`) ON DELETE CASCADE ON UPDATE CASCADE,
  ADD CONSTRAINT `tbl_item_image_ibfk_3` FOREIGN KEY (`Img_ID`) REFERENCES `tbl_image` (`Img_ID`) ON DELETE CASCADE ON UPDATE CASCADE;
COMMIT;

/*!40101 SET CHARACTER_SET_CLIENT=@OLD_CHARACTER_SET_CLIENT */;
/*!40101 SET CHARACTER_SET_RESULTS=@OLD_CHARACTER_SET_RESULTS */;
/*!40101 SET COLLATION_CONNECTION=@OLD_COLLATION_CONNECTION */;
